================================================================
== Vivado RTL Synthesis Results
================================================================
+ General Information:
    * Date:            Tue Jul 28 12:09:56 +0800 2026
    * Version:         2025.1 (Build 6135595 on May 21 2025)
    * Project:         impl
    * Solution:        hls (Vivado IP Flow Target)
    * Product family:  zynq
    * Target device:   xc7z020-clg400-2


================================================================
== Run Constraints & Options
================================================================
+ Design Constraints & Options:
    * RTL Synthesis target clock:  20 ns
    * C-Synthesis target clock:    20 ns
    * C-Synthesis uncertainty:     27%

+ RTL Synthesis Options:
    * config_export -vivado_synth_strategy:     default
    * config_export -vivado_synth_design_args:  -directive sdx_optimization_effort_high

+ Reporting Options:
    * config_export -vivado_report_level:      2
    * config_export -vivado_max_timing_paths:  10


================================================================
== RTL Synthesis Resource Summary
================================================================
LUT:              819
FF:               640
DSP:              34
BRAM:             0
URAM:             0
SRL:              21


================================================================
== RTL Synthesis Timing Summary
================================================================
* Timing was met
+----------------+-------------+
| Timing         | Period (ns) |
+----------------+-------------+
| Target         | 20.000      |
| Post-Synthesis | 9.208       |
+----------------+-------------+


================================================================
== RTL Synthesis Resources
================================================================
+---------------------------------------------------------------------------------+-----+-----+-----+------+------+-----+--------+------+---------+----------+--------+
| Name                                                                            | LUT | FF  | DSP | BRAM | URAM | SRL | Pragma | Impl | Latency | Variable | Source |
+---------------------------------------------------------------------------------+-----+-----+-----+------+------+-----+--------+------+---------+----------+--------+
| inst                                                                            | 819 | 640 | 34  |      |      |     |        |      |         |          |        |
|   grp_run_hybrid_lif_head_fu_28                                                 | 818 | 637 | 34  |      |      |     |        |      |         |          |        |
|     (grp_run_hybrid_lif_head_fu_28)                                             | 6   | 140 |     |      |      |     |        |      |         |          |        |
|     grp_run_hybrid_lif_head_Pipeline_VITIS_LOOP_31_1_fu_365                     |     |     |     |      |      |     |        |      |         |          |        |
|       flow_control_loop_pipe_sequential_init_U                                  |     |     |     |      |      |     |        |      |         |          |        |
|     grp_run_hybrid_lif_head_Pipeline_VITIS_LOOP_36_2_VITIS_LOOP_37_3_fu_373     | 163 | 65  | 1   |      |      |     |        |      |         |          |        |
|       (grp_run_hybrid_lif_head_Pipeline_VITIS_LOOP_36_2_VITIS_LOOP_37_3_fu_373) | 100 | 63  |     |      |      |     |        |      |         |          |        |
|       flow_control_loop_pipe_sequential_init_U                                  |     |     |     |      |      |     |        |      |         |          |        |
|       mul_16s_7ns_22_1_1_U3                                                     |     |     |     |      |      |     |        |      |         |          |        |
|     grp_run_hybrid_lif_head_Pipeline_VITIS_LOOP_59_4_fu_382                     | 62  | 59  | 1   |      |      |     |        |      |         |          |        |
|       flow_control_loop_pipe_sequential_init_U                                  |     |     |     |      |      |     |        |      |         |          |        |
|       urem_8ns_3ns_2_12_1_U8                                                    |     |     |     |      |      |     |        |      |         |          |        |
|     grp_run_hybrid_lif_head_Pipeline_VITIS_LOOP_66_5_fu_389                     | 526 | 351 | 32  |      |      |     |        |      |         |          |        |
|       (grp_run_hybrid_lif_head_Pipeline_VITIS_LOOP_66_5_fu_389)                 | 364 | 349 |     |      |      |     |        |      |         |          |        |
|       flow_control_loop_pipe_sequential_init_U                                  |     |     |     |      |      |     |        |      |         |          |        |
|       mac_muladd_12s_7ns_18s_19_4_1_U30                                         |     |     |     |      |      |     |        |      |         |          |        |
|       mac_muladd_12s_7ns_18s_19_4_1_U31                                         |     |     |     |      |      |     |        |      |         |          |        |
|       mac_muladd_12s_7ns_18s_19_4_1_U32                                         |     |     |     |      |      |     |        |      |         |          |        |
|       mac_muladd_12s_7ns_18s_19_4_1_U33                                         |     |     |     |      |      |     |        |      |         |          |        |
|       mac_muladd_12s_7ns_18s_19_4_1_U34                                         |     |     |     |      |      |     |        |      |         |          |        |
|       mac_muladd_12s_7ns_18s_19_4_1_U35                                         |     |     |     |      |      |     |        |      |         |          |        |
|       mac_muladd_12s_7ns_18s_19_4_1_U36                                         |     |     |     |      |      |     |        |      |         |          |        |
|       mac_muladd_12s_7ns_18s_19_4_1_U37                                         |     |     |     |      |      |     |        |      |         |          |        |
|       mac_muladd_12s_7ns_18s_19_4_1_U38                                         |     |     |     |      |      |     |        |      |         |          |        |
|       mac_muladd_12s_7ns_18s_19_4_1_U39                                         |     |     |     |      |      |     |        |      |         |          |        |
|       mac_muladd_12s_7ns_18s_19_4_1_U40                                         |     |     |     |      |      |     |        |      |         |          |        |
|       mac_muladd_12s_7ns_18s_19_4_1_U41                                         |     |     |     |      |      |     |        |      |         |          |        |
|       mac_muladd_12s_7ns_18s_19_4_1_U42                                         |     |     |     |      |      |     |        |      |         |          |        |
|       mac_muladd_12s_7ns_18s_19_4_1_U43                                         |     |     |     |      |      |     |        |      |         |          |        |
|       mac_muladd_12s_7ns_18s_19_4_1_U44                                         |     |     |     |      |      |     |        |      |         |          |        |
|       mac_muladd_12s_7ns_18s_19_4_1_U45                                         | 77  |     | 1   |      |      |     |        |      |         |          |        |
|       mul_12s_7ns_18_1_1_U14                                                    |     |     |     |      |      |     |        |      |         |          |        |
|       mul_12s_7ns_18_1_1_U15                                                    |     |     |     |      |      |     |        |      |         |          |        |
|       mul_12s_7ns_18_1_1_U16                                                    |     |     |     |      |      |     |        |      |         |          |        |
|       mul_12s_7ns_18_1_1_U17                                                    |     |     |     |      |      |     |        |      |         |          |        |
|       mul_12s_7ns_18_1_1_U18                                                    |     |     |     |      |      |     |        |      |         |          |        |
|       mul_12s_7ns_18_1_1_U19                                                    |     |     |     |      |      |     |        |      |         |          |        |
|       mul_12s_7ns_18_1_1_U20                                                    |     |     |     |      |      |     |        |      |         |          |        |
|       mul_12s_7ns_18_1_1_U21                                                    |     |     |     |      |      |     |        |      |         |          |        |
|       mul_12s_7ns_18_1_1_U22                                                    |     |     |     |      |      |     |        |      |         |          |        |
|       mul_12s_7ns_18_1_1_U23                                                    |     |     |     |      |      |     |        |      |         |          |        |
|       mul_12s_7ns_18_1_1_U24                                                    |     |     |     |      |      |     |        |      |         |          |        |
|       mul_12s_7ns_18_1_1_U25                                                    |     |     |     |      |      |     |        |      |         |          |        |
|       mul_12s_7ns_18_1_1_U26                                                    |     |     |     |      |      |     |        |      |         |          |        |
|       mul_12s_7ns_18_1_1_U27                                                    |     |     |     |      |      |     |        |      |         |          |        |
|       mul_12s_7ns_18_1_1_U28                                                    |     |     |     |      |      |     |        |      |         |          |        |
|       mul_12s_7ns_18_1_1_U29                                                    |     |     |     |      |      |     |        |      |         |          |        |
|     membrane_U                                                                  |     |     |     |      |      |     |        |      |         |          |        |
|     rate_q_U                                                                    |     |     |     |      |      |     |        |      |         |          |        |
+---------------------------------------------------------------------------------+-----+-----+-----+------+------+-----+--------+------+---------+----------+--------+


================================================================
== RTL Synthesis Fail Fast
================================================================
+-----------------------------------------------------------+-----------+--------+--------+
| Criteria                                                  | Guideline | Actual | Status |
+-----------------------------------------------------------+-----------+--------+--------+
| LUT                                                       | 70%       | 1.54%  | OK     |
| FD                                                        | 50%       | 0.60%  | OK     |
| LUTRAM+SRL                                                | 25%       | 0.27%  | OK     |
| MUXF7                                                     | 15%       | 0.00%  | OK     |
| DSP                                                       | 80%       | 15.45% | OK     |
| RAMB/FIFO                                                 | 80%       | 0.00%  | OK     |
| DSP+RAMB+URAM (Avg)                                       | 70%       | 15.45% | OK     |
| BUFGCE* + BUFGCTRL                                        | 24        | 0      | OK     |
| DONT_TOUCH (cells/nets)                                   | 0         | 0      | OK     |
| MARK_DEBUG (nets)                                         | 0         | 0      | OK     |
| Control Sets                                              | 998       | 40     | OK     |
| Average Fanout for modules > 100k cells                   | 4         | 2.23   | OK     |
| Max Average Fanout for modules > 100k cells               | 4         | 0      | OK     |
| Non-FD high fanout nets > 10k loads                       | 0         | 0      | OK     |
+-----------------------------------------------------------+-----------+--------+--------+
| TIMING-6 (No common primary clock between related clocks) | 0         | 0      | OK     |
| TIMING-7 (No common node between related clocks)          | 0         | 0      | OK     |
| TIMING-8 (No common period between related clocks)        | 0         | 0      | OK     |
| TIMING-14 (LUT on the clock tree)                         | 0         | 0      | OK     |
| TIMING-35 (No common node in paths with the same clock)   | 0         | 0      | OK     |
+-----------------------------------------------------------+-----------+--------+--------+
| Number of paths above max LUT budgeting (0.500ns)         | 0         | 0      | OK     |
| Number of paths above max Net budgeting (0.350ns)         | 0         | 0      | OK     |
+-----------------------------------------------------------+-----------+--------+--------+


================================================================
== RTL Synthesis Timing Paths
================================================================
* Timing was met
+-------+--------+-----------------------------------------------------------------------------------------------------------------------------------------------------------------------------------------------------+---------------------------------------------------------------------------------------------------------------------+--------------+------------+----------------+----------------+--------------+
| Path  |  SLACK | STARTPOINT PIN                                                                                                                                                                                      | ENDPOINT PIN                                                                                                        | LOGIC LEVELS | MAX FANOUT | DATAPATH DELAY | DATAPATH LOGIC | DATAPATH NET |
|       |        |                                                                                                                                                                                                     |                                                                                                                     |              |            |                |          DELAY |        DELAY |
+-------+--------+-----------------------------------------------------------------------------------------------------------------------------------------------------------------------------------------------------+---------------------------------------------------------------------------------------------------------------------+--------------+------------+----------------+----------------+--------------+
| Path1 | 10.792 | grp_run_hybrid_lif_head_fu_28/grp_run_hybrid_lif_head_Pipeline_VITIS_LOOP_66_5_fu_389/mac_muladd_12s_7ns_18s_19_4_1_U45/hybrid_lif_head_q12_6_mac_muladd_12s_7ns_18s_19_4_1_DSP48_0_U/p_reg_reg/CLK | grp_run_hybrid_lif_head_fu_28/grp_run_hybrid_lif_head_Pipeline_VITIS_LOOP_66_5_fu_389/quotient_2_reg_2614_reg[16]/D |           17 |          3 |          9.206 |          5.409 |        3.797 |
| Path2 | 11.022 | grp_run_hybrid_lif_head_fu_28/grp_run_hybrid_lif_head_Pipeline_VITIS_LOOP_66_5_fu_389/mac_muladd_12s_7ns_18s_19_4_1_U45/hybrid_lif_head_q12_6_mac_muladd_12s_7ns_18s_19_4_1_DSP48_0_U/p_reg_reg/CLK | grp_run_hybrid_lif_head_fu_28/grp_run_hybrid_lif_head_Pipeline_VITIS_LOOP_66_5_fu_389/quotient_2_reg_2614_reg[15]/D |           17 |          3 |          8.976 |          5.349 |        3.627 |
| Path3 | 11.090 | grp_run_hybrid_lif_head_fu_28/grp_run_hybrid_lif_head_Pipeline_VITIS_LOOP_66_5_fu_389/mac_muladd_12s_7ns_18s_19_4_1_U45/hybrid_lif_head_q12_6_mac_muladd_12s_7ns_18s_19_4_1_DSP48_0_U/p_reg_reg/CLK | grp_run_hybrid_lif_head_fu_28/grp_run_hybrid_lif_head_Pipeline_VITIS_LOOP_66_5_fu_389/quotient_2_reg_2614_reg[12]/D |           16 |          3 |          8.908 |          5.281 |        3.627 |
| Path4 | 11.195 | grp_run_hybrid_lif_head_fu_28/grp_run_hybrid_lif_head_Pipeline_VITIS_LOOP_66_5_fu_389/mac_muladd_12s_7ns_18s_19_4_1_U45/hybrid_lif_head_q12_6_mac_muladd_12s_7ns_18s_19_4_1_DSP48_0_U/p_reg_reg/CLK | grp_run_hybrid_lif_head_fu_28/grp_run_hybrid_lif_head_Pipeline_VITIS_LOOP_66_5_fu_389/quotient_2_reg_2614_reg[14]/D |           17 |          3 |          8.803 |          5.455 |        3.348 |
| Path5 | 11.282 | grp_run_hybrid_lif_head_fu_28/grp_run_hybrid_lif_head_Pipeline_VITIS_LOOP_66_5_fu_389/mac_muladd_12s_7ns_18s_19_4_1_U45/hybrid_lif_head_q12_6_mac_muladd_12s_7ns_18s_19_4_1_DSP48_0_U/p_reg_reg/CLK | grp_run_hybrid_lif_head_fu_28/grp_run_hybrid_lif_head_Pipeline_VITIS_LOOP_66_5_fu_389/quotient_2_reg_2614_reg[13]/D |           17 |          3 |          8.716 |          5.368 |        3.348 |
+-------+--------+-----------------------------------------------------------------------------------------------------------------------------------------------------------------------------------------------------+---------------------------------------------------------------------------------------------------------------------+--------------+------------+----------------+----------------+--------------+

    +------------------------------------------------------------------------------------------------------------------------------------------------------------------------------------------------------------------------+----------------------+
    | Path1 Cells                                                                                                                                                                                                            | Primitive Type       |
    +------------------------------------------------------------------------------------------------------------------------------------------------------------------------------------------------------------------------+----------------------+
    | grp_run_hybrid_lif_head_fu_28/grp_run_hybrid_lif_head_Pipeline_VITIS_LOOP_66_5_fu_389/mac_muladd_12s_7ns_18s_19_4_1_U45/hybrid_lif_head_q12_6_mac_muladd_12s_7ns_18s_19_4_1_DSP48_0_U/p_reg_reg                        | MULT.dsp.DSP48E1     |
    | grp_run_hybrid_lif_head_fu_28/grp_run_hybrid_lif_head_Pipeline_VITIS_LOOP_66_5_fu_389/mac_muladd_12s_7ns_18s_19_4_1_U45/hybrid_lif_head_q12_6_mac_muladd_12s_7ns_18s_19_4_1_DSP48_0_U/numerator_fu_1690_p2_carry_i_3   | LUT.others.LUT2      |
    | grp_run_hybrid_lif_head_fu_28/grp_run_hybrid_lif_head_Pipeline_VITIS_LOOP_66_5_fu_389/numerator_fu_1690_p2_carry                                                                                                       | CARRY.others.CARRY4  |
    | grp_run_hybrid_lif_head_fu_28/grp_run_hybrid_lif_head_Pipeline_VITIS_LOOP_66_5_fu_389/numerator_fu_1690_p2__56_carry_i_1                                                                                               | LUT.others.LUT2      |
    | grp_run_hybrid_lif_head_fu_28/grp_run_hybrid_lif_head_Pipeline_VITIS_LOOP_66_5_fu_389/numerator_fu_1690_p2__56_carry                                                                                                   | CARRY.others.CARRY4  |
    | grp_run_hybrid_lif_head_fu_28/grp_run_hybrid_lif_head_Pipeline_VITIS_LOOP_66_5_fu_389/numerator_fu_1690_p2__56_carry__0                                                                                                | CARRY.others.CARRY4  |
    | grp_run_hybrid_lif_head_fu_28/grp_run_hybrid_lif_head_Pipeline_VITIS_LOOP_66_5_fu_389/numerator_fu_1690_p2__116_carry__0_i_1                                                                                           | LUT.others.LUT2      |
    | grp_run_hybrid_lif_head_fu_28/grp_run_hybrid_lif_head_Pipeline_VITIS_LOOP_66_5_fu_389/numerator_fu_1690_p2__116_carry__0                                                                                               | CARRY.others.CARRY4  |
    | grp_run_hybrid_lif_head_fu_28/grp_run_hybrid_lif_head_Pipeline_VITIS_LOOP_66_5_fu_389/numerator_fu_1690_p2__116_carry__1                                                                                               | CARRY.others.CARRY4  |
    | grp_run_hybrid_lif_head_fu_28/grp_run_hybrid_lif_head_Pipeline_VITIS_LOOP_66_5_fu_389/numerator_fu_1690_p2__179_carry__1_i_1                                                                                           | LUT.others.LUT2      |
    | grp_run_hybrid_lif_head_fu_28/grp_run_hybrid_lif_head_Pipeline_VITIS_LOOP_66_5_fu_389/numerator_fu_1690_p2__179_carry__1                                                                                               | CARRY.others.CARRY4  |
    | grp_run_hybrid_lif_head_fu_28/grp_run_hybrid_lif_head_Pipeline_VITIS_LOOP_66_5_fu_389/numerator_fu_1690_p2__179_carry__2                                                                                               | CARRY.others.CARRY4  |
    | grp_run_hybrid_lif_head_fu_28/grp_run_hybrid_lif_head_Pipeline_VITIS_LOOP_66_5_fu_389/quotient_fu_1746_p2_carry__0_i_7                                                                                                 | LUT.others.LUT1      |
    | grp_run_hybrid_lif_head_fu_28/grp_run_hybrid_lif_head_Pipeline_VITIS_LOOP_66_5_fu_389/quotient_fu_1746_p2_carry__0_i_5                                                                                                 | CARRY.others.CARRY4  |
    | grp_run_hybrid_lif_head_fu_28/grp_run_hybrid_lif_head_Pipeline_VITIS_LOOP_66_5_fu_389/mac_muladd_12s_7ns_18s_19_4_1_U45/hybrid_lif_head_q12_6_mac_muladd_12s_7ns_18s_19_4_1_DSP48_0_U/quotient_fu_1746_p2_carry__1_i_5 | CARRY.others.CARRY4  |
    | grp_run_hybrid_lif_head_fu_28/grp_run_hybrid_lif_head_Pipeline_VITIS_LOOP_66_5_fu_389/mac_muladd_12s_7ns_18s_19_4_1_U45/hybrid_lif_head_q12_6_mac_muladd_12s_7ns_18s_19_4_1_DSP48_0_U/quotient_fu_1746_p2_carry__2_i_3 | LUT.others.LUT3      |
    | grp_run_hybrid_lif_head_fu_28/grp_run_hybrid_lif_head_Pipeline_VITIS_LOOP_66_5_fu_389/quotient_fu_1746_p2_carry__2                                                                                                     | CARRY.others.CARRY4  |
    | grp_run_hybrid_lif_head_fu_28/grp_run_hybrid_lif_head_Pipeline_VITIS_LOOP_66_5_fu_389/mac_muladd_12s_7ns_18s_19_4_1_U45/hybrid_lif_head_q12_6_mac_muladd_12s_7ns_18s_19_4_1_DSP48_0_U/quotient_2_reg_2614[16]_i_1      | LUT.others.LUT6      |
    | grp_run_hybrid_lif_head_fu_28/grp_run_hybrid_lif_head_Pipeline_VITIS_LOOP_66_5_fu_389/quotient_2_reg_2614_reg[16]                                                                                                      | FLOP_LATCH.flop.FDRE |
    | grp_run_hybrid_lif_head_fu_28/grp_run_hybrid_lif_head_Pipeline_VITIS_LOOP_66_5_fu_389/mac_muladd_12s_7ns_18s_19_4_1_U45/hybrid_lif_head_q12_6_mac_muladd_12s_7ns_18s_19_4_1_DSP48_0_U/p_reg_reg                        | MULT.dsp.DSP48E1     |
    | grp_run_hybrid_lif_head_fu_28/grp_run_hybrid_lif_head_Pipeline_VITIS_LOOP_66_5_fu_389/mac_muladd_12s_7ns_18s_19_4_1_U45/hybrid_lif_head_q12_6_mac_muladd_12s_7ns_18s_19_4_1_DSP48_0_U/numerator_fu_1690_p2_carry_i_3   | LUT.others.LUT2      |
    | grp_run_hybrid_lif_head_fu_28/grp_run_hybrid_lif_head_Pipeline_VITIS_LOOP_66_5_fu_389/numerator_fu_1690_p2_carry                                                                                                       | CARRY.others.CARRY4  |
    | grp_run_hybrid_lif_head_fu_28/grp_run_hybrid_lif_head_Pipeline_VITIS_LOOP_66_5_fu_389/numerator_fu_1690_p2__56_carry_i_1                                                                                               | LUT.others.LUT2      |
    | grp_run_hybrid_lif_head_fu_28/grp_run_hybrid_lif_head_Pipeline_VITIS_LOOP_66_5_fu_389/numerator_fu_1690_p2__56_carry                                                                                                   | CARRY.others.CARRY4  |
    | grp_run_hybrid_lif_head_fu_28/grp_run_hybrid_lif_head_Pipeline_VITIS_LOOP_66_5_fu_389/numerator_fu_1690_p2__56_carry__0                                                                                                | CARRY.others.CARRY4  |
    | grp_run_hybrid_lif_head_fu_28/grp_run_hybrid_lif_head_Pipeline_VITIS_LOOP_66_5_fu_389/numerator_fu_1690_p2__116_carry__0_i_1                                                                                           | LUT.others.LUT2      |
    | grp_run_hybrid_lif_head_fu_28/grp_run_hybrid_lif_head_Pipeline_VITIS_LOOP_66_5_fu_389/numerator_fu_1690_p2__116_carry__0                                                                                               | CARRY.others.CARRY4  |
    | grp_run_hybrid_lif_head_fu_28/grp_run_hybrid_lif_head_Pipeline_VITIS_LOOP_66_5_fu_389/numerator_fu_1690_p2__116_carry__1                                                                                               | CARRY.others.CARRY4  |
    | grp_run_hybrid_lif_head_fu_28/grp_run_hybrid_lif_head_Pipeline_VITIS_LOOP_66_5_fu_389/numerator_fu_1690_p2__179_carry__1_i_1                                                                                           | LUT.others.LUT2      |
    | grp_run_hybrid_lif_head_fu_28/grp_run_hybrid_lif_head_Pipeline_VITIS_LOOP_66_5_fu_389/numerator_fu_1690_p2__179_carry__1                                                                                               | CARRY.others.CARRY4  |
    | grp_run_hybrid_lif_head_fu_28/grp_run_hybrid_lif_head_Pipeline_VITIS_LOOP_66_5_fu_389/numerator_fu_1690_p2__179_carry__2                                                                                               | CARRY.others.CARRY4  |
    | grp_run_hybrid_lif_head_fu_28/grp_run_hybrid_lif_head_Pipeline_VITIS_LOOP_66_5_fu_389/quotient_fu_1746_p2_carry__0_i_7                                                                                                 | LUT.others.LUT1      |
    | grp_run_hybrid_lif_head_fu_28/grp_run_hybrid_lif_head_Pipeline_VITIS_LOOP_66_5_fu_389/quotient_fu_1746_p2_carry__0_i_5                                                                                                 | CARRY.others.CARRY4  |
    | grp_run_hybrid_lif_head_fu_28/grp_run_hybrid_lif_head_Pipeline_VITIS_LOOP_66_5_fu_389/mac_muladd_12s_7ns_18s_19_4_1_U45/hybrid_lif_head_q12_6_mac_muladd_12s_7ns_18s_19_4_1_DSP48_0_U/quotient_fu_1746_p2_carry__1_i_5 | CARRY.others.CARRY4  |
    | grp_run_hybrid_lif_head_fu_28/grp_run_hybrid_lif_head_Pipeline_VITIS_LOOP_66_5_fu_389/mac_muladd_12s_7ns_18s_19_4_1_U45/hybrid_lif_head_q12_6_mac_muladd_12s_7ns_18s_19_4_1_DSP48_0_U/quotient_fu_1746_p2_carry__2_i_3 | LUT.others.LUT3      |
    | grp_run_hybrid_lif_head_fu_28/grp_run_hybrid_lif_head_Pipeline_VITIS_LOOP_66_5_fu_389/quotient_fu_1746_p2_carry__2                                                                                                     | CARRY.others.CARRY4  |
    | grp_run_hybrid_lif_head_fu_28/grp_run_hybrid_lif_head_Pipeline_VITIS_LOOP_66_5_fu_389/mac_muladd_12s_7ns_18s_19_4_1_U45/hybrid_lif_head_q12_6_mac_muladd_12s_7ns_18s_19_4_1_DSP48_0_U/quotient_2_reg_2614[15]_i_1      | LUT.others.LUT6      |
    | grp_run_hybrid_lif_head_fu_28/grp_run_hybrid_lif_head_Pipeline_VITIS_LOOP_66_5_fu_389/quotient_2_reg_2614_reg[15]                                                                                                      | FLOP_LATCH.flop.FDRE |
    | grp_run_hybrid_lif_head_fu_28/grp_run_hybrid_lif_head_Pipeline_VITIS_LOOP_66_5_fu_389/mac_muladd_12s_7ns_18s_19_4_1_U45/hybrid_lif_head_q12_6_mac_muladd_12s_7ns_18s_19_4_1_DSP48_0_U/p_reg_reg                        | MULT.dsp.DSP48E1     |
    | grp_run_hybrid_lif_head_fu_28/grp_run_hybrid_lif_head_Pipeline_VITIS_LOOP_66_5_fu_389/mac_muladd_12s_7ns_18s_19_4_1_U45/hybrid_lif_head_q12_6_mac_muladd_12s_7ns_18s_19_4_1_DSP48_0_U/numerator_fu_1690_p2_carry_i_3   | LUT.others.LUT2      |
    | grp_run_hybrid_lif_head_fu_28/grp_run_hybrid_lif_head_Pipeline_VITIS_LOOP_66_5_fu_389/numerator_fu_1690_p2_carry                                                                                                       | CARRY.others.CARRY4  |
    | grp_run_hybrid_lif_head_fu_28/grp_run_hybrid_lif_head_Pipeline_VITIS_LOOP_66_5_fu_389/numerator_fu_1690_p2__56_carry_i_1                                                                                               | LUT.others.LUT2      |
    | grp_run_hybrid_lif_head_fu_28/grp_run_hybrid_lif_head_Pipeline_VITIS_LOOP_66_5_fu_389/numerator_fu_1690_p2__56_carry                                                                                                   | CARRY.others.CARRY4  |
    | grp_run_hybrid_lif_head_fu_28/grp_run_hybrid_lif_head_Pipeline_VITIS_LOOP_66_5_fu_389/numerator_fu_1690_p2__56_carry__0                                                                                                | CARRY.others.CARRY4  |
    | grp_run_hybrid_lif_head_fu_28/grp_run_hybrid_lif_head_Pipeline_VITIS_LOOP_66_5_fu_389/numerator_fu_1690_p2__116_carry__0_i_1                                                                                           | LUT.others.LUT2      |
    | grp_run_hybrid_lif_head_fu_28/grp_run_hybrid_lif_head_Pipeline_VITIS_LOOP_66_5_fu_389/numerator_fu_1690_p2__116_carry__0                                                                                               | CARRY.others.CARRY4  |
    | grp_run_hybrid_lif_head_fu_28/grp_run_hybrid_lif_head_Pipeline_VITIS_LOOP_66_5_fu_389/numerator_fu_1690_p2__116_carry__1                                                                                               | CARRY.others.CARRY4  |
    | grp_run_hybrid_lif_head_fu_28/grp_run_hybrid_lif_head_Pipeline_VITIS_LOOP_66_5_fu_389/numerator_fu_1690_p2__179_carry__1_i_1                                                                                           | LUT.others.LUT2      |
    | grp_run_hybrid_lif_head_fu_28/grp_run_hybrid_lif_head_Pipeline_VITIS_LOOP_66_5_fu_389/numerator_fu_1690_p2__179_carry__1                                                                                               | CARRY.others.CARRY4  |
    | grp_run_hybrid_lif_head_fu_28/grp_run_hybrid_lif_head_Pipeline_VITIS_LOOP_66_5_fu_389/numerator_fu_1690_p2__179_carry__2                                                                                               | CARRY.others.CARRY4  |
    | grp_run_hybrid_lif_head_fu_28/grp_run_hybrid_lif_head_Pipeline_VITIS_LOOP_66_5_fu_389/quotient_fu_1746_p2_carry__0_i_8                                                                                                 | LUT.others.LUT1      |
    | grp_run_hybrid_lif_head_fu_28/grp_run_hybrid_lif_head_Pipeline_VITIS_LOOP_66_5_fu_389/quotient_fu_1746_p2_carry__0_i_5                                                                                                 | CARRY.others.CARRY4  |
    | grp_run_hybrid_lif_head_fu_28/grp_run_hybrid_lif_head_Pipeline_VITIS_LOOP_66_5_fu_389/mac_muladd_12s_7ns_18s_19_4_1_U45/hybrid_lif_head_q12_6_mac_muladd_12s_7ns_18s_19_4_1_DSP48_0_U/quotient_fu_1746_p2_carry__1_i_3 | LUT.others.LUT3      |
    | grp_run_hybrid_lif_head_fu_28/grp_run_hybrid_lif_head_Pipeline_VITIS_LOOP_66_5_fu_389/quotient_fu_1746_p2_carry__1                                                                                                     | CARRY.others.CARRY4  |
    | grp_run_hybrid_lif_head_fu_28/grp_run_hybrid_lif_head_Pipeline_VITIS_LOOP_66_5_fu_389/mac_muladd_12s_7ns_18s_19_4_1_U45/hybrid_lif_head_q12_6_mac_muladd_12s_7ns_18s_19_4_1_DSP48_0_U/quotient_2_reg_2614[12]_i_1      | LUT.others.LUT6      |
    | grp_run_hybrid_lif_head_fu_28/grp_run_hybrid_lif_head_Pipeline_VITIS_LOOP_66_5_fu_389/quotient_2_reg_2614_reg[12]                                                                                                      | FLOP_LATCH.flop.FDRE |
    | grp_run_hybrid_lif_head_fu_28/grp_run_hybrid_lif_head_Pipeline_VITIS_LOOP_66_5_fu_389/mac_muladd_12s_7ns_18s_19_4_1_U45/hybrid_lif_head_q12_6_mac_muladd_12s_7ns_18s_19_4_1_DSP48_0_U/p_reg_reg                        | MULT.dsp.DSP48E1     |
    | grp_run_hybrid_lif_head_fu_28/grp_run_hybrid_lif_head_Pipeline_VITIS_LOOP_66_5_fu_389/mac_muladd_12s_7ns_18s_19_4_1_U45/hybrid_lif_head_q12_6_mac_muladd_12s_7ns_18s_19_4_1_DSP48_0_U/numerator_fu_1690_p2_carry_i_3   | LUT.others.LUT2      |
    | grp_run_hybrid_lif_head_fu_28/grp_run_hybrid_lif_head_Pipeline_VITIS_LOOP_66_5_fu_389/numerator_fu_1690_p2_carry                                                                                                       | CARRY.others.CARRY4  |
    | grp_run_hybrid_lif_head_fu_28/grp_run_hybrid_lif_head_Pipeline_VITIS_LOOP_66_5_fu_389/numerator_fu_1690_p2__56_carry_i_1                                                                                               | LUT.others.LUT2      |
    | grp_run_hybrid_lif_head_fu_28/grp_run_hybrid_lif_head_Pipeline_VITIS_LOOP_66_5_fu_389/numerator_fu_1690_p2__56_carry                                                                                                   | CARRY.others.CARRY4  |
    | grp_run_hybrid_lif_head_fu_28/grp_run_hybrid_lif_head_Pipeline_VITIS_LOOP_66_5_fu_389/numerator_fu_1690_p2__56_carry__0                                                                                                | CARRY.others.CARRY4  |
    | grp_run_hybrid_lif_head_fu_28/grp_run_hybrid_lif_head_Pipeline_VITIS_LOOP_66_5_fu_389/numerator_fu_1690_p2__116_carry__0_i_1                                                                                           | LUT.others.LUT2      |
    | grp_run_hybrid_lif_head_fu_28/grp_run_hybrid_lif_head_Pipeline_VITIS_LOOP_66_5_fu_389/numerator_fu_1690_p2__116_carry__0                                                                                               | CARRY.others.CARRY4  |
    | grp_run_hybrid_lif_head_fu_28/grp_run_hybrid_lif_head_Pipeline_VITIS_LOOP_66_5_fu_389/numerator_fu_1690_p2__116_carry__1                                                                                               | CARRY.others.CARRY4  |
    | grp_run_hybrid_lif_head_fu_28/grp_run_hybrid_lif_head_Pipeline_VITIS_LOOP_66_5_fu_389/numerator_fu_1690_p2__179_carry__1_i_1                                                                                           | LUT.others.LUT2      |
    | grp_run_hybrid_lif_head_fu_28/grp_run_hybrid_lif_head_Pipeline_VITIS_LOOP_66_5_fu_389/numerator_fu_1690_p2__179_carry__1                                                                                               | CARRY.others.CARRY4  |
    | grp_run_hybrid_lif_head_fu_28/grp_run_hybrid_lif_head_Pipeline_VITIS_LOOP_66_5_fu_389/numerator_fu_1690_p2__179_carry__2                                                                                               | CARRY.others.CARRY4  |
    | grp_run_hybrid_lif_head_fu_28/grp_run_hybrid_lif_head_Pipeline_VITIS_LOOP_66_5_fu_389/quotient_fu_1746_p2_carry__0_i_8                                                                                                 | LUT.others.LUT1      |
    | grp_run_hybrid_lif_head_fu_28/grp_run_hybrid_lif_head_Pipeline_VITIS_LOOP_66_5_fu_389/quotient_fu_1746_p2_carry__0_i_5                                                                                                 | CARRY.others.CARRY4  |
    | grp_run_hybrid_lif_head_fu_28/grp_run_hybrid_lif_head_Pipeline_VITIS_LOOP_66_5_fu_389/mac_muladd_12s_7ns_18s_19_4_1_U45/hybrid_lif_head_q12_6_mac_muladd_12s_7ns_18s_19_4_1_DSP48_0_U/quotient_fu_1746_p2_carry__1_i_3 | LUT.others.LUT3      |
    | grp_run_hybrid_lif_head_fu_28/grp_run_hybrid_lif_head_Pipeline_VITIS_LOOP_66_5_fu_389/quotient_fu_1746_p2_carry__1                                                                                                     | CARRY.others.CARRY4  |
    | grp_run_hybrid_lif_head_fu_28/grp_run_hybrid_lif_head_Pipeline_VITIS_LOOP_66_5_fu_389/quotient_fu_1746_p2_carry__2                                                                                                     | CARRY.others.CARRY4  |
    | grp_run_hybrid_lif_head_fu_28/grp_run_hybrid_lif_head_Pipeline_VITIS_LOOP_66_5_fu_389/mac_muladd_12s_7ns_18s_19_4_1_U45/hybrid_lif_head_q12_6_mac_muladd_12s_7ns_18s_19_4_1_DSP48_0_U/quotient_2_reg_2614[14]_i_1      | LUT.others.LUT6      |
    | grp_run_hybrid_lif_head_fu_28/grp_run_hybrid_lif_head_Pipeline_VITIS_LOOP_66_5_fu_389/quotient_2_reg_2614_reg[14]                                                                                                      | FLOP_LATCH.flop.FDRE |
    | grp_run_hybrid_lif_head_fu_28/grp_run_hybrid_lif_head_Pipeline_VITIS_LOOP_66_5_fu_389/mac_muladd_12s_7ns_18s_19_4_1_U45/hybrid_lif_head_q12_6_mac_muladd_12s_7ns_18s_19_4_1_DSP48_0_U/p_reg_reg                        | MULT.dsp.DSP48E1     |
    | grp_run_hybrid_lif_head_fu_28/grp_run_hybrid_lif_head_Pipeline_VITIS_LOOP_66_5_fu_389/mac_muladd_12s_7ns_18s_19_4_1_U45/hybrid_lif_head_q12_6_mac_muladd_12s_7ns_18s_19_4_1_DSP48_0_U/numerator_fu_1690_p2_carry_i_3   | LUT.others.LUT2      |
    | grp_run_hybrid_lif_head_fu_28/grp_run_hybrid_lif_head_Pipeline_VITIS_LOOP_66_5_fu_389/numerator_fu_1690_p2_carry                                                                                                       | CARRY.others.CARRY4  |
    | grp_run_hybrid_lif_head_fu_28/grp_run_hybrid_lif_head_Pipeline_VITIS_LOOP_66_5_fu_389/numerator_fu_1690_p2__56_carry_i_1                                                                                               | LUT.others.LUT2      |
    | grp_run_hybrid_lif_head_fu_28/grp_run_hybrid_lif_head_Pipeline_VITIS_LOOP_66_5_fu_389/numerator_fu_1690_p2__56_carry                                                                                                   | CARRY.others.CARRY4  |
    | grp_run_hybrid_lif_head_fu_28/grp_run_hybrid_lif_head_Pipeline_VITIS_LOOP_66_5_fu_389/numerator_fu_1690_p2__56_carry__0                                                                                                | CARRY.others.CARRY4  |
    | grp_run_hybrid_lif_head_fu_28/grp_run_hybrid_lif_head_Pipeline_VITIS_LOOP_66_5_fu_389/numerator_fu_1690_p2__116_carry__0_i_1                                                                                           | LUT.others.LUT2      |
    | grp_run_hybrid_lif_head_fu_28/grp_run_hybrid_lif_head_Pipeline_VITIS_LOOP_66_5_fu_389/numerator_fu_1690_p2__116_carry__0                                                                                               | CARRY.others.CARRY4  |
    | grp_run_hybrid_lif_head_fu_28/grp_run_hybrid_lif_head_Pipeline_VITIS_LOOP_66_5_fu_389/numerator_fu_1690_p2__116_carry__1                                                                                               | CARRY.others.CARRY4  |
    | grp_run_hybrid_lif_head_fu_28/grp_run_hybrid_lif_head_Pipeline_VITIS_LOOP_66_5_fu_389/numerator_fu_1690_p2__179_carry__1_i_1                                                                                           | LUT.others.LUT2      |
    | grp_run_hybrid_lif_head_fu_28/grp_run_hybrid_lif_head_Pipeline_VITIS_LOOP_66_5_fu_389/numerator_fu_1690_p2__179_carry__1                                                                                               | CARRY.others.CARRY4  |
    | grp_run_hybrid_lif_head_fu_28/grp_run_hybrid_lif_head_Pipeline_VITIS_LOOP_66_5_fu_389/numerator_fu_1690_p2__179_carry__2                                                                                               | CARRY.others.CARRY4  |
    | grp_run_hybrid_lif_head_fu_28/grp_run_hybrid_lif_head_Pipeline_VITIS_LOOP_66_5_fu_389/quotient_fu_1746_p2_carry__0_i_8                                                                                                 | LUT.others.LUT1      |
    | grp_run_hybrid_lif_head_fu_28/grp_run_hybrid_lif_head_Pipeline_VITIS_LOOP_66_5_fu_389/quotient_fu_1746_p2_carry__0_i_5                                                                                                 | CARRY.others.CARRY4  |
    | grp_run_hybrid_lif_head_fu_28/grp_run_hybrid_lif_head_Pipeline_VITIS_LOOP_66_5_fu_389/mac_muladd_12s_7ns_18s_19_4_1_U45/hybrid_lif_head_q12_6_mac_muladd_12s_7ns_18s_19_4_1_DSP48_0_U/quotient_fu_1746_p2_carry__1_i_3 | LUT.others.LUT3      |
    | grp_run_hybrid_lif_head_fu_28/grp_run_hybrid_lif_head_Pipeline_VITIS_LOOP_66_5_fu_389/quotient_fu_1746_p2_carry__1                                                                                                     | CARRY.others.CARRY4  |
    | grp_run_hybrid_lif_head_fu_28/grp_run_hybrid_lif_head_Pipeline_VITIS_LOOP_66_5_fu_389/quotient_fu_1746_p2_carry__2                                                                                                     | CARRY.others.CARRY4  |
    | grp_run_hybrid_lif_head_fu_28/grp_run_hybrid_lif_head_Pipeline_VITIS_LOOP_66_5_fu_389/mac_muladd_12s_7ns_18s_19_4_1_U45/hybrid_lif_head_q12_6_mac_muladd_12s_7ns_18s_19_4_1_DSP48_0_U/quotient_2_reg_2614[13]_i_1      | LUT.others.LUT6      |
    | grp_run_hybrid_lif_head_fu_28/grp_run_hybrid_lif_head_Pipeline_VITIS_LOOP_66_5_fu_389/quotient_2_reg_2614_reg[13]                                                                                                      | FLOP_LATCH.flop.FDRE |
    +------------------------------------------------------------------------------------------------------------------------------------------------------------------------------------------------------------------------+----------------------+

    +------------------------------------------------------------------------------------------------------------------------------------------------------------------------------------------------------------------------+----------------------+
    | Path2 Cells                                                                                                                                                                                                            | Primitive Type       |
    +------------------------------------------------------------------------------------------------------------------------------------------------------------------------------------------------------------------------+----------------------+
    | grp_run_hybrid_lif_head_fu_28/grp_run_hybrid_lif_head_Pipeline_VITIS_LOOP_66_5_fu_389/mac_muladd_12s_7ns_18s_19_4_1_U45/hybrid_lif_head_q12_6_mac_muladd_12s_7ns_18s_19_4_1_DSP48_0_U/p_reg_reg                        | MULT.dsp.DSP48E1     |
    | grp_run_hybrid_lif_head_fu_28/grp_run_hybrid_lif_head_Pipeline_VITIS_LOOP_66_5_fu_389/mac_muladd_12s_7ns_18s_19_4_1_U45/hybrid_lif_head_q12_6_mac_muladd_12s_7ns_18s_19_4_1_DSP48_0_U/numerator_fu_1690_p2_carry_i_3   | LUT.others.LUT2      |
    | grp_run_hybrid_lif_head_fu_28/grp_run_hybrid_lif_head_Pipeline_VITIS_LOOP_66_5_fu_389/numerator_fu_1690_p2_carry                                                                                                       | CARRY.others.CARRY4  |
    | grp_run_hybrid_lif_head_fu_28/grp_run_hybrid_lif_head_Pipeline_VITIS_LOOP_66_5_fu_389/numerator_fu_1690_p2__56_carry_i_1                                                                                               | LUT.others.LUT2      |
    | grp_run_hybrid_lif_head_fu_28/grp_run_hybrid_lif_head_Pipeline_VITIS_LOOP_66_5_fu_389/numerator_fu_1690_p2__56_carry                                                                                                   | CARRY.others.CARRY4  |
    | grp_run_hybrid_lif_head_fu_28/grp_run_hybrid_lif_head_Pipeline_VITIS_LOOP_66_5_fu_389/numerator_fu_1690_p2__56_carry__0                                                                                                | CARRY.others.CARRY4  |
    | grp_run_hybrid_lif_head_fu_28/grp_run_hybrid_lif_head_Pipeline_VITIS_LOOP_66_5_fu_389/numerator_fu_1690_p2__116_carry__0_i_1                                                                                           | LUT.others.LUT2      |
    | grp_run_hybrid_lif_head_fu_28/grp_run_hybrid_lif_head_Pipeline_VITIS_LOOP_66_5_fu_389/numerator_fu_1690_p2__116_carry__0                                                                                               | CARRY.others.CARRY4  |
    | grp_run_hybrid_lif_head_fu_28/grp_run_hybrid_lif_head_Pipeline_VITIS_LOOP_66_5_fu_389/numerator_fu_1690_p2__116_carry__1                                                                                               | CARRY.others.CARRY4  |
    | grp_run_hybrid_lif_head_fu_28/grp_run_hybrid_lif_head_Pipeline_VITIS_LOOP_66_5_fu_389/numerator_fu_1690_p2__179_carry__1_i_1                                                                                           | LUT.others.LUT2      |
    | grp_run_hybrid_lif_head_fu_28/grp_run_hybrid_lif_head_Pipeline_VITIS_LOOP_66_5_fu_389/numerator_fu_1690_p2__179_carry__1                                                                                               | CARRY.others.CARRY4  |
    | grp_run_hybrid_lif_head_fu_28/grp_run_hybrid_lif_head_Pipeline_VITIS_LOOP_66_5_fu_389/numerator_fu_1690_p2__179_carry__2                                                                                               | CARRY.others.CARRY4  |
    | grp_run_hybrid_lif_head_fu_28/grp_run_hybrid_lif_head_Pipeline_VITIS_LOOP_66_5_fu_389/quotient_fu_1746_p2_carry__0_i_7                                                                                                 | LUT.others.LUT1      |
    | grp_run_hybrid_lif_head_fu_28/grp_run_hybrid_lif_head_Pipeline_VITIS_LOOP_66_5_fu_389/quotient_fu_1746_p2_carry__0_i_5                                                                                                 | CARRY.others.CARRY4  |
    | grp_run_hybrid_lif_head_fu_28/grp_run_hybrid_lif_head_Pipeline_VITIS_LOOP_66_5_fu_389/mac_muladd_12s_7ns_18s_19_4_1_U45/hybrid_lif_head_q12_6_mac_muladd_12s_7ns_18s_19_4_1_DSP48_0_U/quotient_fu_1746_p2_carry__1_i_5 | CARRY.others.CARRY4  |
    | grp_run_hybrid_lif_head_fu_28/grp_run_hybrid_lif_head_Pipeline_VITIS_LOOP_66_5_fu_389/mac_muladd_12s_7ns_18s_19_4_1_U45/hybrid_lif_head_q12_6_mac_muladd_12s_7ns_18s_19_4_1_DSP48_0_U/quotient_fu_1746_p2_carry__2_i_3 | LUT.others.LUT3      |
    | grp_run_hybrid_lif_head_fu_28/grp_run_hybrid_lif_head_Pipeline_VITIS_LOOP_66_5_fu_389/quotient_fu_1746_p2_carry__2                                                                                                     | CARRY.others.CARRY4  |
    | grp_run_hybrid_lif_head_fu_28/grp_run_hybrid_lif_head_Pipeline_VITIS_LOOP_66_5_fu_389/mac_muladd_12s_7ns_18s_19_4_1_U45/hybrid_lif_head_q12_6_mac_muladd_12s_7ns_18s_19_4_1_DSP48_0_U/quotient_2_reg_2614[16]_i_1      | LUT.others.LUT6      |
    | grp_run_hybrid_lif_head_fu_28/grp_run_hybrid_lif_head_Pipeline_VITIS_LOOP_66_5_fu_389/quotient_2_reg_2614_reg[16]                                                                                                      | FLOP_LATCH.flop.FDRE |
    | grp_run_hybrid_lif_head_fu_28/grp_run_hybrid_lif_head_Pipeline_VITIS_LOOP_66_5_fu_389/mac_muladd_12s_7ns_18s_19_4_1_U45/hybrid_lif_head_q12_6_mac_muladd_12s_7ns_18s_19_4_1_DSP48_0_U/p_reg_reg                        | MULT.dsp.DSP48E1     |
    | grp_run_hybrid_lif_head_fu_28/grp_run_hybrid_lif_head_Pipeline_VITIS_LOOP_66_5_fu_389/mac_muladd_12s_7ns_18s_19_4_1_U45/hybrid_lif_head_q12_6_mac_muladd_12s_7ns_18s_19_4_1_DSP48_0_U/numerator_fu_1690_p2_carry_i_3   | LUT.others.LUT2      |
    | grp_run_hybrid_lif_head_fu_28/grp_run_hybrid_lif_head_Pipeline_VITIS_LOOP_66_5_fu_389/numerator_fu_1690_p2_carry                                                                                                       | CARRY.others.CARRY4  |
    | grp_run_hybrid_lif_head_fu_28/grp_run_hybrid_lif_head_Pipeline_VITIS_LOOP_66_5_fu_389/numerator_fu_1690_p2__56_carry_i_1                                                                                               | LUT.others.LUT2      |
    | grp_run_hybrid_lif_head_fu_28/grp_run_hybrid_lif_head_Pipeline_VITIS_LOOP_66_5_fu_389/numerator_fu_1690_p2__56_carry                                                                                                   | CARRY.others.CARRY4  |
    | grp_run_hybrid_lif_head_fu_28/grp_run_hybrid_lif_head_Pipeline_VITIS_LOOP_66_5_fu_389/numerator_fu_1690_p2__56_carry__0                                                                                                | CARRY.others.CARRY4  |
    | grp_run_hybrid_lif_head_fu_28/grp_run_hybrid_lif_head_Pipeline_VITIS_LOOP_66_5_fu_389/numerator_fu_1690_p2__116_carry__0_i_1                                                                                           | LUT.others.LUT2      |
    | grp_run_hybrid_lif_head_fu_28/grp_run_hybrid_lif_head_Pipeline_VITIS_LOOP_66_5_fu_389/numerator_fu_1690_p2__116_carry__0                                                                                               | CARRY.others.CARRY4  |
    | grp_run_hybrid_lif_head_fu_28/grp_run_hybrid_lif_head_Pipeline_VITIS_LOOP_66_5_fu_389/numerator_fu_1690_p2__116_carry__1                                                                                               | CARRY.others.CARRY4  |
    | grp_run_hybrid_lif_head_fu_28/grp_run_hybrid_lif_head_Pipeline_VITIS_LOOP_66_5_fu_389/numerator_fu_1690_p2__179_carry__1_i_1                                                                                           | LUT.others.LUT2      |
    | grp_run_hybrid_lif_head_fu_28/grp_run_hybrid_lif_head_Pipeline_VITIS_LOOP_66_5_fu_389/numerator_fu_1690_p2__179_carry__1                                                                                               | CARRY.others.CARRY4  |
    | grp_run_hybrid_lif_head_fu_28/grp_run_hybrid_lif_head_Pipeline_VITIS_LOOP_66_5_fu_389/numerator_fu_1690_p2__179_carry__2                                                                                               | CARRY.others.CARRY4  |
    | grp_run_hybrid_lif_head_fu_28/grp_run_hybrid_lif_head_Pipeline_VITIS_LOOP_66_5_fu_389/quotient_fu_1746_p2_carry__0_i_7                                                                                                 | LUT.others.LUT1      |
    | grp_run_hybrid_lif_head_fu_28/grp_run_hybrid_lif_head_Pipeline_VITIS_LOOP_66_5_fu_389/quotient_fu_1746_p2_carry__0_i_5                                                                                                 | CARRY.others.CARRY4  |
    | grp_run_hybrid_lif_head_fu_28/grp_run_hybrid_lif_head_Pipeline_VITIS_LOOP_66_5_fu_389/mac_muladd_12s_7ns_18s_19_4_1_U45/hybrid_lif_head_q12_6_mac_muladd_12s_7ns_18s_19_4_1_DSP48_0_U/quotient_fu_1746_p2_carry__1_i_5 | CARRY.others.CARRY4  |
    | grp_run_hybrid_lif_head_fu_28/grp_run_hybrid_lif_head_Pipeline_VITIS_LOOP_66_5_fu_389/mac_muladd_12s_7ns_18s_19_4_1_U45/hybrid_lif_head_q12_6_mac_muladd_12s_7ns_18s_19_4_1_DSP48_0_U/quotient_fu_1746_p2_carry__2_i_3 | LUT.others.LUT3      |
    | grp_run_hybrid_lif_head_fu_28/grp_run_hybrid_lif_head_Pipeline_VITIS_LOOP_66_5_fu_389/quotient_fu_1746_p2_carry__2                                                                                                     | CARRY.others.CARRY4  |
    | grp_run_hybrid_lif_head_fu_28/grp_run_hybrid_lif_head_Pipeline_VITIS_LOOP_66_5_fu_389/mac_muladd_12s_7ns_18s_19_4_1_U45/hybrid_lif_head_q12_6_mac_muladd_12s_7ns_18s_19_4_1_DSP48_0_U/quotient_2_reg_2614[15]_i_1      | LUT.others.LUT6      |
    | grp_run_hybrid_lif_head_fu_28/grp_run_hybrid_lif_head_Pipeline_VITIS_LOOP_66_5_fu_389/quotient_2_reg_2614_reg[15]                                                                                                      | FLOP_LATCH.flop.FDRE |
    | grp_run_hybrid_lif_head_fu_28/grp_run_hybrid_lif_head_Pipeline_VITIS_LOOP_66_5_fu_389/mac_muladd_12s_7ns_18s_19_4_1_U45/hybrid_lif_head_q12_6_mac_muladd_12s_7ns_18s_19_4_1_DSP48_0_U/p_reg_reg                        | MULT.dsp.DSP48E1     |
    | grp_run_hybrid_lif_head_fu_28/grp_run_hybrid_lif_head_Pipeline_VITIS_LOOP_66_5_fu_389/mac_muladd_12s_7ns_18s_19_4_1_U45/hybrid_lif_head_q12_6_mac_muladd_12s_7ns_18s_19_4_1_DSP48_0_U/numerator_fu_1690_p2_carry_i_3   | LUT.others.LUT2      |
    | grp_run_hybrid_lif_head_fu_28/grp_run_hybrid_lif_head_Pipeline_VITIS_LOOP_66_5_fu_389/numerator_fu_1690_p2_carry                                                                                                       | CARRY.others.CARRY4  |
    | grp_run_hybrid_lif_head_fu_28/grp_run_hybrid_lif_head_Pipeline_VITIS_LOOP_66_5_fu_389/numerator_fu_1690_p2__56_carry_i_1                                                                                               | LUT.others.LUT2      |
    | grp_run_hybrid_lif_head_fu_28/grp_run_hybrid_lif_head_Pipeline_VITIS_LOOP_66_5_fu_389/numerator_fu_1690_p2__56_carry                                                                                                   | CARRY.others.CARRY4  |
    | grp_run_hybrid_lif_head_fu_28/grp_run_hybrid_lif_head_Pipeline_VITIS_LOOP_66_5_fu_389/numerator_fu_1690_p2__56_carry__0                                                                                                | CARRY.others.CARRY4  |
    | grp_run_hybrid_lif_head_fu_28/grp_run_hybrid_lif_head_Pipeline_VITIS_LOOP_66_5_fu_389/numerator_fu_1690_p2__116_carry__0_i_1                                                                                           | LUT.others.LUT2      |
    | grp_run_hybrid_lif_head_fu_28/grp_run_hybrid_lif_head_Pipeline_VITIS_LOOP_66_5_fu_389/numerator_fu_1690_p2__116_carry__0                                                                                               | CARRY.others.CARRY4  |
    | grp_run_hybrid_lif_head_fu_28/grp_run_hybrid_lif_head_Pipeline_VITIS_LOOP_66_5_fu_389/numerator_fu_1690_p2__116_carry__1                                                                                               | CARRY.others.CARRY4  |
    | grp_run_hybrid_lif_head_fu_28/grp_run_hybrid_lif_head_Pipeline_VITIS_LOOP_66_5_fu_389/numerator_fu_1690_p2__179_carry__1_i_1                                                                                           | LUT.others.LUT2      |
    | grp_run_hybrid_lif_head_fu_28/grp_run_hybrid_lif_head_Pipeline_VITIS_LOOP_66_5_fu_389/numerator_fu_1690_p2__179_carry__1                                                                                               | CARRY.others.CARRY4  |
    | grp_run_hybrid_lif_head_fu_28/grp_run_hybrid_lif_head_Pipeline_VITIS_LOOP_66_5_fu_389/numerator_fu_1690_p2__179_carry__2                                                                                               | CARRY.others.CARRY4  |
    | grp_run_hybrid_lif_head_fu_28/grp_run_hybrid_lif_head_Pipeline_VITIS_LOOP_66_5_fu_389/quotient_fu_1746_p2_carry__0_i_8                                                                                                 | LUT.others.LUT1      |
    | grp_run_hybrid_lif_head_fu_28/grp_run_hybrid_lif_head_Pipeline_VITIS_LOOP_66_5_fu_389/quotient_fu_1746_p2_carry__0_i_5                                                                                                 | CARRY.others.CARRY4  |
    | grp_run_hybrid_lif_head_fu_28/grp_run_hybrid_lif_head_Pipeline_VITIS_LOOP_66_5_fu_389/mac_muladd_12s_7ns_18s_19_4_1_U45/hybrid_lif_head_q12_6_mac_muladd_12s_7ns_18s_19_4_1_DSP48_0_U/quotient_fu_1746_p2_carry__1_i_3 | LUT.others.LUT3      |
    | grp_run_hybrid_lif_head_fu_28/grp_run_hybrid_lif_head_Pipeline_VITIS_LOOP_66_5_fu_389/quotient_fu_1746_p2_carry__1                                                                                                     | CARRY.others.CARRY4  |
    | grp_run_hybrid_lif_head_fu_28/grp_run_hybrid_lif_head_Pipeline_VITIS_LOOP_66_5_fu_389/mac_muladd_12s_7ns_18s_19_4_1_U45/hybrid_lif_head_q12_6_mac_muladd_12s_7ns_18s_19_4_1_DSP48_0_U/quotient_2_reg_2614[12]_i_1      | LUT.others.LUT6      |
    | grp_run_hybrid_lif_head_fu_28/grp_run_hybrid_lif_head_Pipeline_VITIS_LOOP_66_5_fu_389/quotient_2_reg_2614_reg[12]                                                                                                      | FLOP_LATCH.flop.FDRE |
    | grp_run_hybrid_lif_head_fu_28/grp_run_hybrid_lif_head_Pipeline_VITIS_LOOP_66_5_fu_389/mac_muladd_12s_7ns_18s_19_4_1_U45/hybrid_lif_head_q12_6_mac_muladd_12s_7ns_18s_19_4_1_DSP48_0_U/p_reg_reg                        | MULT.dsp.DSP48E1     |
    | grp_run_hybrid_lif_head_fu_28/grp_run_hybrid_lif_head_Pipeline_VITIS_LOOP_66_5_fu_389/mac_muladd_12s_7ns_18s_19_4_1_U45/hybrid_lif_head_q12_6_mac_muladd_12s_7ns_18s_19_4_1_DSP48_0_U/numerator_fu_1690_p2_carry_i_3   | LUT.others.LUT2      |
    | grp_run_hybrid_lif_head_fu_28/grp_run_hybrid_lif_head_Pipeline_VITIS_LOOP_66_5_fu_389/numerator_fu_1690_p2_carry                                                                                                       | CARRY.others.CARRY4  |
    | grp_run_hybrid_lif_head_fu_28/grp_run_hybrid_lif_head_Pipeline_VITIS_LOOP_66_5_fu_389/numerator_fu_1690_p2__56_carry_i_1                                                                                               | LUT.others.LUT2      |
    | grp_run_hybrid_lif_head_fu_28/grp_run_hybrid_lif_head_Pipeline_VITIS_LOOP_66_5_fu_389/numerator_fu_1690_p2__56_carry                                                                                                   | CARRY.others.CARRY4  |
    | grp_run_hybrid_lif_head_fu_28/grp_run_hybrid_lif_head_Pipeline_VITIS_LOOP_66_5_fu_389/numerator_fu_1690_p2__56_carry__0                                                                                                | CARRY.others.CARRY4  |
    | grp_run_hybrid_lif_head_fu_28/grp_run_hybrid_lif_head_Pipeline_VITIS_LOOP_66_5_fu_389/numerator_fu_1690_p2__116_carry__0_i_1                                                                                           | LUT.others.LUT2      |
    | grp_run_hybrid_lif_head_fu_28/grp_run_hybrid_lif_head_Pipeline_VITIS_LOOP_66_5_fu_389/numerator_fu_1690_p2__116_carry__0                                                                                               | CARRY.others.CARRY4  |
    | grp_run_hybrid_lif_head_fu_28/grp_run_hybrid_lif_head_Pipeline_VITIS_LOOP_66_5_fu_389/numerator_fu_1690_p2__116_carry__1                                                                                               | CARRY.others.CARRY4  |
    | grp_run_hybrid_lif_head_fu_28/grp_run_hybrid_lif_head_Pipeline_VITIS_LOOP_66_5_fu_389/numerator_fu_1690_p2__179_carry__1_i_1                                                                                           | LUT.others.LUT2      |
    | grp_run_hybrid_lif_head_fu_28/grp_run_hybrid_lif_head_Pipeline_VITIS_LOOP_66_5_fu_389/numerator_fu_1690_p2__179_carry__1                                                                                               | CARRY.others.CARRY4  |
    | grp_run_hybrid_lif_head_fu_28/grp_run_hybrid_lif_head_Pipeline_VITIS_LOOP_66_5_fu_389/numerator_fu_1690_p2__179_carry__2                                                                                               | CARRY.others.CARRY4  |
    | grp_run_hybrid_lif_head_fu_28/grp_run_hybrid_lif_head_Pipeline_VITIS_LOOP_66_5_fu_389/quotient_fu_1746_p2_carry__0_i_8                                                                                                 | LUT.others.LUT1      |
    | grp_run_hybrid_lif_head_fu_28/grp_run_hybrid_lif_head_Pipeline_VITIS_LOOP_66_5_fu_389/quotient_fu_1746_p2_carry__0_i_5                                                                                                 | CARRY.others.CARRY4  |
    | grp_run_hybrid_lif_head_fu_28/grp_run_hybrid_lif_head_Pipeline_VITIS_LOOP_66_5_fu_389/mac_muladd_12s_7ns_18s_19_4_1_U45/hybrid_lif_head_q12_6_mac_muladd_12s_7ns_18s_19_4_1_DSP48_0_U/quotient_fu_1746_p2_carry__1_i_3 | LUT.others.LUT3      |
    | grp_run_hybrid_lif_head_fu_28/grp_run_hybrid_lif_head_Pipeline_VITIS_LOOP_66_5_fu_389/quotient_fu_1746_p2_carry__1                                                                                                     | CARRY.others.CARRY4  |
    | grp_run_hybrid_lif_head_fu_28/grp_run_hybrid_lif_head_Pipeline_VITIS_LOOP_66_5_fu_389/quotient_fu_1746_p2_carry__2                                                                                                     | CARRY.others.CARRY4  |
    | grp_run_hybrid_lif_head_fu_28/grp_run_hybrid_lif_head_Pipeline_VITIS_LOOP_66_5_fu_389/mac_muladd_12s_7ns_18s_19_4_1_U45/hybrid_lif_head_q12_6_mac_muladd_12s_7ns_18s_19_4_1_DSP48_0_U/quotient_2_reg_2614[14]_i_1      | LUT.others.LUT6      |
    | grp_run_hybrid_lif_head_fu_28/grp_run_hybrid_lif_head_Pipeline_VITIS_LOOP_66_5_fu_389/quotient_2_reg_2614_reg[14]                                                                                                      | FLOP_LATCH.flop.FDRE |
    | grp_run_hybrid_lif_head_fu_28/grp_run_hybrid_lif_head_Pipeline_VITIS_LOOP_66_5_fu_389/mac_muladd_12s_7ns_18s_19_4_1_U45/hybrid_lif_head_q12_6_mac_muladd_12s_7ns_18s_19_4_1_DSP48_0_U/p_reg_reg                        | MULT.dsp.DSP48E1     |
    | grp_run_hybrid_lif_head_fu_28/grp_run_hybrid_lif_head_Pipeline_VITIS_LOOP_66_5_fu_389/mac_muladd_12s_7ns_18s_19_4_1_U45/hybrid_lif_head_q12_6_mac_muladd_12s_7ns_18s_19_4_1_DSP48_0_U/numerator_fu_1690_p2_carry_i_3   | LUT.others.LUT2      |
    | grp_run_hybrid_lif_head_fu_28/grp_run_hybrid_lif_head_Pipeline_VITIS_LOOP_66_5_fu_389/numerator_fu_1690_p2_carry                                                                                                       | CARRY.others.CARRY4  |
    | grp_run_hybrid_lif_head_fu_28/grp_run_hybrid_lif_head_Pipeline_VITIS_LOOP_66_5_fu_389/numerator_fu_1690_p2__56_carry_i_1                                                                                               | LUT.others.LUT2      |
    | grp_run_hybrid_lif_head_fu_28/grp_run_hybrid_lif_head_Pipeline_VITIS_LOOP_66_5_fu_389/numerator_fu_1690_p2__56_carry                                                                                                   | CARRY.others.CARRY4  |
    | grp_run_hybrid_lif_head_fu_28/grp_run_hybrid_lif_head_Pipeline_VITIS_LOOP_66_5_fu_389/numerator_fu_1690_p2__56_carry__0                                                                                                | CARRY.others.CARRY4  |
    | grp_run_hybrid_lif_head_fu_28/grp_run_hybrid_lif_head_Pipeline_VITIS_LOOP_66_5_fu_389/numerator_fu_1690_p2__116_carry__0_i_1                                                                                           | LUT.others.LUT2      |
    | grp_run_hybrid_lif_head_fu_28/grp_run_hybrid_lif_head_Pipeline_VITIS_LOOP_66_5_fu_389/numerator_fu_1690_p2__116_carry__0                                                                                               | CARRY.others.CARRY4  |
    | grp_run_hybrid_lif_head_fu_28/grp_run_hybrid_lif_head_Pipeline_VITIS_LOOP_66_5_fu_389/numerator_fu_1690_p2__116_carry__1                                                                                               | CARRY.others.CARRY4  |
    | grp_run_hybrid_lif_head_fu_28/grp_run_hybrid_lif_head_Pipeline_VITIS_LOOP_66_5_fu_389/numerator_fu_1690_p2__179_carry__1_i_1                                                                                           | LUT.others.LUT2      |
    | grp_run_hybrid_lif_head_fu_28/grp_run_hybrid_lif_head_Pipeline_VITIS_LOOP_66_5_fu_389/numerator_fu_1690_p2__179_carry__1                                                                                               | CARRY.others.CARRY4  |
    | grp_run_hybrid_lif_head_fu_28/grp_run_hybrid_lif_head_Pipeline_VITIS_LOOP_66_5_fu_389/numerator_fu_1690_p2__179_carry__2                                                                                               | CARRY.others.CARRY4  |
    | grp_run_hybrid_lif_head_fu_28/grp_run_hybrid_lif_head_Pipeline_VITIS_LOOP_66_5_fu_389/quotient_fu_1746_p2_carry__0_i_8                                                                                                 | LUT.others.LUT1      |
    | grp_run_hybrid_lif_head_fu_28/grp_run_hybrid_lif_head_Pipeline_VITIS_LOOP_66_5_fu_389/quotient_fu_1746_p2_carry__0_i_5                                                                                                 | CARRY.others.CARRY4  |
    | grp_run_hybrid_lif_head_fu_28/grp_run_hybrid_lif_head_Pipeline_VITIS_LOOP_66_5_fu_389/mac_muladd_12s_7ns_18s_19_4_1_U45/hybrid_lif_head_q12_6_mac_muladd_12s_7ns_18s_19_4_1_DSP48_0_U/quotient_fu_1746_p2_carry__1_i_3 | LUT.others.LUT3      |
    | grp_run_hybrid_lif_head_fu_28/grp_run_hybrid_lif_head_Pipeline_VITIS_LOOP_66_5_fu_389/quotient_fu_1746_p2_carry__1                                                                                                     | CARRY.others.CARRY4  |
    | grp_run_hybrid_lif_head_fu_28/grp_run_hybrid_lif_head_Pipeline_VITIS_LOOP_66_5_fu_389/quotient_fu_1746_p2_carry__2                                                                                                     | CARRY.others.CARRY4  |
    | grp_run_hybrid_lif_head_fu_28/grp_run_hybrid_lif_head_Pipeline_VITIS_LOOP_66_5_fu_389/mac_muladd_12s_7ns_18s_19_4_1_U45/hybrid_lif_head_q12_6_mac_muladd_12s_7ns_18s_19_4_1_DSP48_0_U/quotient_2_reg_2614[13]_i_1      | LUT.others.LUT6      |
    | grp_run_hybrid_lif_head_fu_28/grp_run_hybrid_lif_head_Pipeline_VITIS_LOOP_66_5_fu_389/quotient_2_reg_2614_reg[13]                                                                                                      | FLOP_LATCH.flop.FDRE |
    +------------------------------------------------------------------------------------------------------------------------------------------------------------------------------------------------------------------------+----------------------+

    +------------------------------------------------------------------------------------------------------------------------------------------------------------------------------------------------------------------------+----------------------+
    | Path3 Cells                                                                                                                                                                                                            | Primitive Type       |
    +------------------------------------------------------------------------------------------------------------------------------------------------------------------------------------------------------------------------+----------------------+
    | grp_run_hybrid_lif_head_fu_28/grp_run_hybrid_lif_head_Pipeline_VITIS_LOOP_66_5_fu_389/mac_muladd_12s_7ns_18s_19_4_1_U45/hybrid_lif_head_q12_6_mac_muladd_12s_7ns_18s_19_4_1_DSP48_0_U/p_reg_reg                        | MULT.dsp.DSP48E1     |
    | grp_run_hybrid_lif_head_fu_28/grp_run_hybrid_lif_head_Pipeline_VITIS_LOOP_66_5_fu_389/mac_muladd_12s_7ns_18s_19_4_1_U45/hybrid_lif_head_q12_6_mac_muladd_12s_7ns_18s_19_4_1_DSP48_0_U/numerator_fu_1690_p2_carry_i_3   | LUT.others.LUT2      |
    | grp_run_hybrid_lif_head_fu_28/grp_run_hybrid_lif_head_Pipeline_VITIS_LOOP_66_5_fu_389/numerator_fu_1690_p2_carry                                                                                                       | CARRY.others.CARRY4  |
    | grp_run_hybrid_lif_head_fu_28/grp_run_hybrid_lif_head_Pipeline_VITIS_LOOP_66_5_fu_389/numerator_fu_1690_p2__56_carry_i_1                                                                                               | LUT.others.LUT2      |
    | grp_run_hybrid_lif_head_fu_28/grp_run_hybrid_lif_head_Pipeline_VITIS_LOOP_66_5_fu_389/numerator_fu_1690_p2__56_carry                                                                                                   | CARRY.others.CARRY4  |
    | grp_run_hybrid_lif_head_fu_28/grp_run_hybrid_lif_head_Pipeline_VITIS_LOOP_66_5_fu_389/numerator_fu_1690_p2__56_carry__0                                                                                                | CARRY.others.CARRY4  |
    | grp_run_hybrid_lif_head_fu_28/grp_run_hybrid_lif_head_Pipeline_VITIS_LOOP_66_5_fu_389/numerator_fu_1690_p2__116_carry__0_i_1                                                                                           | LUT.others.LUT2      |
    | grp_run_hybrid_lif_head_fu_28/grp_run_hybrid_lif_head_Pipeline_VITIS_LOOP_66_5_fu_389/numerator_fu_1690_p2__116_carry__0                                                                                               | CARRY.others.CARRY4  |
    | grp_run_hybrid_lif_head_fu_28/grp_run_hybrid_lif_head_Pipeline_VITIS_LOOP_66_5_fu_389/numerator_fu_1690_p2__116_carry__1                                                                                               | CARRY.others.CARRY4  |
    | grp_run_hybrid_lif_head_fu_28/grp_run_hybrid_lif_head_Pipeline_VITIS_LOOP_66_5_fu_389/numerator_fu_1690_p2__179_carry__1_i_1                                                                                           | LUT.others.LUT2      |
    | grp_run_hybrid_lif_head_fu_28/grp_run_hybrid_lif_head_Pipeline_VITIS_LOOP_66_5_fu_389/numerator_fu_1690_p2__179_carry__1                                                                                               | CARRY.others.CARRY4  |
    | grp_run_hybrid_lif_head_fu_28/grp_run_hybrid_lif_head_Pipeline_VITIS_LOOP_66_5_fu_389/numerator_fu_1690_p2__179_carry__2                                                                                               | CARRY.others.CARRY4  |
    | grp_run_hybrid_lif_head_fu_28/grp_run_hybrid_lif_head_Pipeline_VITIS_LOOP_66_5_fu_389/quotient_fu_1746_p2_carry__0_i_7                                                                                                 | LUT.others.LUT1      |
    | grp_run_hybrid_lif_head_fu_28/grp_run_hybrid_lif_head_Pipeline_VITIS_LOOP_66_5_fu_389/quotient_fu_1746_p2_carry__0_i_5                                                                                                 | CARRY.others.CARRY4  |
    | grp_run_hybrid_lif_head_fu_28/grp_run_hybrid_lif_head_Pipeline_VITIS_LOOP_66_5_fu_389/mac_muladd_12s_7ns_18s_19_4_1_U45/hybrid_lif_head_q12_6_mac_muladd_12s_7ns_18s_19_4_1_DSP48_0_U/quotient_fu_1746_p2_carry__1_i_5 | CARRY.others.CARRY4  |
    | grp_run_hybrid_lif_head_fu_28/grp_run_hybrid_lif_head_Pipeline_VITIS_LOOP_66_5_fu_389/mac_muladd_12s_7ns_18s_19_4_1_U45/hybrid_lif_head_q12_6_mac_muladd_12s_7ns_18s_19_4_1_DSP48_0_U/quotient_fu_1746_p2_carry__2_i_3 | LUT.others.LUT3      |
    | grp_run_hybrid_lif_head_fu_28/grp_run_hybrid_lif_head_Pipeline_VITIS_LOOP_66_5_fu_389/quotient_fu_1746_p2_carry__2                                                                                                     | CARRY.others.CARRY4  |
    | grp_run_hybrid_lif_head_fu_28/grp_run_hybrid_lif_head_Pipeline_VITIS_LOOP_66_5_fu_389/mac_muladd_12s_7ns_18s_19_4_1_U45/hybrid_lif_head_q12_6_mac_muladd_12s_7ns_18s_19_4_1_DSP48_0_U/quotient_2_reg_2614[16]_i_1      | LUT.others.LUT6      |
    | grp_run_hybrid_lif_head_fu_28/grp_run_hybrid_lif_head_Pipeline_VITIS_LOOP_66_5_fu_389/quotient_2_reg_2614_reg[16]                                                                                                      | FLOP_LATCH.flop.FDRE |
    | grp_run_hybrid_lif_head_fu_28/grp_run_hybrid_lif_head_Pipeline_VITIS_LOOP_66_5_fu_389/mac_muladd_12s_7ns_18s_19_4_1_U45/hybrid_lif_head_q12_6_mac_muladd_12s_7ns_18s_19_4_1_DSP48_0_U/p_reg_reg                        | MULT.dsp.DSP48E1     |
    | grp_run_hybrid_lif_head_fu_28/grp_run_hybrid_lif_head_Pipeline_VITIS_LOOP_66_5_fu_389/mac_muladd_12s_7ns_18s_19_4_1_U45/hybrid_lif_head_q12_6_mac_muladd_12s_7ns_18s_19_4_1_DSP48_0_U/numerator_fu_1690_p2_carry_i_3   | LUT.others.LUT2      |
    | grp_run_hybrid_lif_head_fu_28/grp_run_hybrid_lif_head_Pipeline_VITIS_LOOP_66_5_fu_389/numerator_fu_1690_p2_carry                                                                                                       | CARRY.others.CARRY4  |
    | grp_run_hybrid_lif_head_fu_28/grp_run_hybrid_lif_head_Pipeline_VITIS_LOOP_66_5_fu_389/numerator_fu_1690_p2__56_carry_i_1                                                                                               | LUT.others.LUT2      |
    | grp_run_hybrid_lif_head_fu_28/grp_run_hybrid_lif_head_Pipeline_VITIS_LOOP_66_5_fu_389/numerator_fu_1690_p2__56_carry                                                                                                   | CARRY.others.CARRY4  |
    | grp_run_hybrid_lif_head_fu_28/grp_run_hybrid_lif_head_Pipeline_VITIS_LOOP_66_5_fu_389/numerator_fu_1690_p2__56_carry__0                                                                                                | CARRY.others.CARRY4  |
    | grp_run_hybrid_lif_head_fu_28/grp_run_hybrid_lif_head_Pipeline_VITIS_LOOP_66_5_fu_389/numerator_fu_1690_p2__116_carry__0_i_1                                                                                           | LUT.others.LUT2      |
    | grp_run_hybrid_lif_head_fu_28/grp_run_hybrid_lif_head_Pipeline_VITIS_LOOP_66_5_fu_389/numerator_fu_1690_p2__116_carry__0                                                                                               | CARRY.others.CARRY4  |
    | grp_run_hybrid_lif_head_fu_28/grp_run_hybrid_lif_head_Pipeline_VITIS_LOOP_66_5_fu_389/numerator_fu_1690_p2__116_carry__1                                                                                               | CARRY.others.CARRY4  |
    | grp_run_hybrid_lif_head_fu_28/grp_run_hybrid_lif_head_Pipeline_VITIS_LOOP_66_5_fu_389/numerator_fu_1690_p2__179_carry__1_i_1                                                                                           | LUT.others.LUT2      |
    | grp_run_hybrid_lif_head_fu_28/grp_run_hybrid_lif_head_Pipeline_VITIS_LOOP_66_5_fu_389/numerator_fu_1690_p2__179_carry__1                                                                                               | CARRY.others.CARRY4  |
    | grp_run_hybrid_lif_head_fu_28/grp_run_hybrid_lif_head_Pipeline_VITIS_LOOP_66_5_fu_389/numerator_fu_1690_p2__179_carry__2                                                                                               | CARRY.others.CARRY4  |
    | grp_run_hybrid_lif_head_fu_28/grp_run_hybrid_lif_head_Pipeline_VITIS_LOOP_66_5_fu_389/quotient_fu_1746_p2_carry__0_i_7                                                                                                 | LUT.others.LUT1      |
    | grp_run_hybrid_lif_head_fu_28/grp_run_hybrid_lif_head_Pipeline_VITIS_LOOP_66_5_fu_389/quotient_fu_1746_p2_carry__0_i_5                                                                                                 | CARRY.others.CARRY4  |
    | grp_run_hybrid_lif_head_fu_28/grp_run_hybrid_lif_head_Pipeline_VITIS_LOOP_66_5_fu_389/mac_muladd_12s_7ns_18s_19_4_1_U45/hybrid_lif_head_q12_6_mac_muladd_12s_7ns_18s_19_4_1_DSP48_0_U/quotient_fu_1746_p2_carry__1_i_5 | CARRY.others.CARRY4  |
    | grp_run_hybrid_lif_head_fu_28/grp_run_hybrid_lif_head_Pipeline_VITIS_LOOP_66_5_fu_389/mac_muladd_12s_7ns_18s_19_4_1_U45/hybrid_lif_head_q12_6_mac_muladd_12s_7ns_18s_19_4_1_DSP48_0_U/quotient_fu_1746_p2_carry__2_i_3 | LUT.others.LUT3      |
    | grp_run_hybrid_lif_head_fu_28/grp_run_hybrid_lif_head_Pipeline_VITIS_LOOP_66_5_fu_389/quotient_fu_1746_p2_carry__2                                                                                                     | CARRY.others.CARRY4  |
    | grp_run_hybrid_lif_head_fu_28/grp_run_hybrid_lif_head_Pipeline_VITIS_LOOP_66_5_fu_389/mac_muladd_12s_7ns_18s_19_4_1_U45/hybrid_lif_head_q12_6_mac_muladd_12s_7ns_18s_19_4_1_DSP48_0_U/quotient_2_reg_2614[15]_i_1      | LUT.others.LUT6      |
    | grp_run_hybrid_lif_head_fu_28/grp_run_hybrid_lif_head_Pipeline_VITIS_LOOP_66_5_fu_389/quotient_2_reg_2614_reg[15]                                                                                                      | FLOP_LATCH.flop.FDRE |
    | grp_run_hybrid_lif_head_fu_28/grp_run_hybrid_lif_head_Pipeline_VITIS_LOOP_66_5_fu_389/mac_muladd_12s_7ns_18s_19_4_1_U45/hybrid_lif_head_q12_6_mac_muladd_12s_7ns_18s_19_4_1_DSP48_0_U/p_reg_reg                        | MULT.dsp.DSP48E1     |
    | grp_run_hybrid_lif_head_fu_28/grp_run_hybrid_lif_head_Pipeline_VITIS_LOOP_66_5_fu_389/mac_muladd_12s_7ns_18s_19_4_1_U45/hybrid_lif_head_q12_6_mac_muladd_12s_7ns_18s_19_4_1_DSP48_0_U/numerator_fu_1690_p2_carry_i_3   | LUT.others.LUT2      |
    | grp_run_hybrid_lif_head_fu_28/grp_run_hybrid_lif_head_Pipeline_VITIS_LOOP_66_5_fu_389/numerator_fu_1690_p2_carry                                                                                                       | CARRY.others.CARRY4  |
    | grp_run_hybrid_lif_head_fu_28/grp_run_hybrid_lif_head_Pipeline_VITIS_LOOP_66_5_fu_389/numerator_fu_1690_p2__56_carry_i_1                                                                                               | LUT.others.LUT2      |
    | grp_run_hybrid_lif_head_fu_28/grp_run_hybrid_lif_head_Pipeline_VITIS_LOOP_66_5_fu_389/numerator_fu_1690_p2__56_carry                                                                                                   | CARRY.others.CARRY4  |
    | grp_run_hybrid_lif_head_fu_28/grp_run_hybrid_lif_head_Pipeline_VITIS_LOOP_66_5_fu_389/numerator_fu_1690_p2__56_carry__0                                                                                                | CARRY.others.CARRY4  |
    | grp_run_hybrid_lif_head_fu_28/grp_run_hybrid_lif_head_Pipeline_VITIS_LOOP_66_5_fu_389/numerator_fu_1690_p2__116_carry__0_i_1                                                                                           | LUT.others.LUT2      |
    | grp_run_hybrid_lif_head_fu_28/grp_run_hybrid_lif_head_Pipeline_VITIS_LOOP_66_5_fu_389/numerator_fu_1690_p2__116_carry__0                                                                                               | CARRY.others.CARRY4  |
    | grp_run_hybrid_lif_head_fu_28/grp_run_hybrid_lif_head_Pipeline_VITIS_LOOP_66_5_fu_389/numerator_fu_1690_p2__116_carry__1                                                                                               | CARRY.others.CARRY4  |
    | grp_run_hybrid_lif_head_fu_28/grp_run_hybrid_lif_head_Pipeline_VITIS_LOOP_66_5_fu_389/numerator_fu_1690_p2__179_carry__1_i_1                                                                                           | LUT.others.LUT2      |
    | grp_run_hybrid_lif_head_fu_28/grp_run_hybrid_lif_head_Pipeline_VITIS_LOOP_66_5_fu_389/numerator_fu_1690_p2__179_carry__1                                                                                               | CARRY.others.CARRY4  |
    | grp_run_hybrid_lif_head_fu_28/grp_run_hybrid_lif_head_Pipeline_VITIS_LOOP_66_5_fu_389/numerator_fu_1690_p2__179_carry__2                                                                                               | CARRY.others.CARRY4  |
    | grp_run_hybrid_lif_head_fu_28/grp_run_hybrid_lif_head_Pipeline_VITIS_LOOP_66_5_fu_389/quotient_fu_1746_p2_carry__0_i_8                                                                                                 | LUT.others.LUT1      |
    | grp_run_hybrid_lif_head_fu_28/grp_run_hybrid_lif_head_Pipeline_VITIS_LOOP_66_5_fu_389/quotient_fu_1746_p2_carry__0_i_5                                                                                                 | CARRY.others.CARRY4  |
    | grp_run_hybrid_lif_head_fu_28/grp_run_hybrid_lif_head_Pipeline_VITIS_LOOP_66_5_fu_389/mac_muladd_12s_7ns_18s_19_4_1_U45/hybrid_lif_head_q12_6_mac_muladd_12s_7ns_18s_19_4_1_DSP48_0_U/quotient_fu_1746_p2_carry__1_i_3 | LUT.others.LUT3      |
    | grp_run_hybrid_lif_head_fu_28/grp_run_hybrid_lif_head_Pipeline_VITIS_LOOP_66_5_fu_389/quotient_fu_1746_p2_carry__1                                                                                                     | CARRY.others.CARRY4  |
    | grp_run_hybrid_lif_head_fu_28/grp_run_hybrid_lif_head_Pipeline_VITIS_LOOP_66_5_fu_389/mac_muladd_12s_7ns_18s_19_4_1_U45/hybrid_lif_head_q12_6_mac_muladd_12s_7ns_18s_19_4_1_DSP48_0_U/quotient_2_reg_2614[12]_i_1      | LUT.others.LUT6      |
    | grp_run_hybrid_lif_head_fu_28/grp_run_hybrid_lif_head_Pipeline_VITIS_LOOP_66_5_fu_389/quotient_2_reg_2614_reg[12]                                                                                                      | FLOP_LATCH.flop.FDRE |
    | grp_run_hybrid_lif_head_fu_28/grp_run_hybrid_lif_head_Pipeline_VITIS_LOOP_66_5_fu_389/mac_muladd_12s_7ns_18s_19_4_1_U45/hybrid_lif_head_q12_6_mac_muladd_12s_7ns_18s_19_4_1_DSP48_0_U/p_reg_reg                        | MULT.dsp.DSP48E1     |
    | grp_run_hybrid_lif_head_fu_28/grp_run_hybrid_lif_head_Pipeline_VITIS_LOOP_66_5_fu_389/mac_muladd_12s_7ns_18s_19_4_1_U45/hybrid_lif_head_q12_6_mac_muladd_12s_7ns_18s_19_4_1_DSP48_0_U/numerator_fu_1690_p2_carry_i_3   | LUT.others.LUT2      |
    | grp_run_hybrid_lif_head_fu_28/grp_run_hybrid_lif_head_Pipeline_VITIS_LOOP_66_5_fu_389/numerator_fu_1690_p2_carry                                                                                                       | CARRY.others.CARRY4  |
    | grp_run_hybrid_lif_head_fu_28/grp_run_hybrid_lif_head_Pipeline_VITIS_LOOP_66_5_fu_389/numerator_fu_1690_p2__56_carry_i_1                                                                                               | LUT.others.LUT2      |
    | grp_run_hybrid_lif_head_fu_28/grp_run_hybrid_lif_head_Pipeline_VITIS_LOOP_66_5_fu_389/numerator_fu_1690_p2__56_carry                                                                                                   | CARRY.others.CARRY4  |
    | grp_run_hybrid_lif_head_fu_28/grp_run_hybrid_lif_head_Pipeline_VITIS_LOOP_66_5_fu_389/numerator_fu_1690_p2__56_carry__0                                                                                                | CARRY.others.CARRY4  |
    | grp_run_hybrid_lif_head_fu_28/grp_run_hybrid_lif_head_Pipeline_VITIS_LOOP_66_5_fu_389/numerator_fu_1690_p2__116_carry__0_i_1                                                                                           | LUT.others.LUT2      |
    | grp_run_hybrid_lif_head_fu_28/grp_run_hybrid_lif_head_Pipeline_VITIS_LOOP_66_5_fu_389/numerator_fu_1690_p2__116_carry__0                                                                                               | CARRY.others.CARRY4  |
    | grp_run_hybrid_lif_head_fu_28/grp_run_hybrid_lif_head_Pipeline_VITIS_LOOP_66_5_fu_389/numerator_fu_1690_p2__116_carry__1                                                                                               | CARRY.others.CARRY4  |
    | grp_run_hybrid_lif_head_fu_28/grp_run_hybrid_lif_head_Pipeline_VITIS_LOOP_66_5_fu_389/numerator_fu_1690_p2__179_carry__1_i_1                                                                                           | LUT.others.LUT2      |
    | grp_run_hybrid_lif_head_fu_28/grp_run_hybrid_lif_head_Pipeline_VITIS_LOOP_66_5_fu_389/numerator_fu_1690_p2__179_carry__1                                                                                               | CARRY.others.CARRY4  |
    | grp_run_hybrid_lif_head_fu_28/grp_run_hybrid_lif_head_Pipeline_VITIS_LOOP_66_5_fu_389/numerator_fu_1690_p2__179_carry__2                                                                                               | CARRY.others.CARRY4  |
    | grp_run_hybrid_lif_head_fu_28/grp_run_hybrid_lif_head_Pipeline_VITIS_LOOP_66_5_fu_389/quotient_fu_1746_p2_carry__0_i_8                                                                                                 | LUT.others.LUT1      |
    | grp_run_hybrid_lif_head_fu_28/grp_run_hybrid_lif_head_Pipeline_VITIS_LOOP_66_5_fu_389/quotient_fu_1746_p2_carry__0_i_5                                                                                                 | CARRY.others.CARRY4  |
    | grp_run_hybrid_lif_head_fu_28/grp_run_hybrid_lif_head_Pipeline_VITIS_LOOP_66_5_fu_389/mac_muladd_12s_7ns_18s_19_4_1_U45/hybrid_lif_head_q12_6_mac_muladd_12s_7ns_18s_19_4_1_DSP48_0_U/quotient_fu_1746_p2_carry__1_i_3 | LUT.others.LUT3      |
    | grp_run_hybrid_lif_head_fu_28/grp_run_hybrid_lif_head_Pipeline_VITIS_LOOP_66_5_fu_389/quotient_fu_1746_p2_carry__1                                                                                                     | CARRY.others.CARRY4  |
    | grp_run_hybrid_lif_head_fu_28/grp_run_hybrid_lif_head_Pipeline_VITIS_LOOP_66_5_fu_389/quotient_fu_1746_p2_carry__2                                                                                                     | CARRY.others.CARRY4  |
    | grp_run_hybrid_lif_head_fu_28/grp_run_hybrid_lif_head_Pipeline_VITIS_LOOP_66_5_fu_389/mac_muladd_12s_7ns_18s_19_4_1_U45/hybrid_lif_head_q12_6_mac_muladd_12s_7ns_18s_19_4_1_DSP48_0_U/quotient_2_reg_2614[14]_i_1      | LUT.others.LUT6      |
    | grp_run_hybrid_lif_head_fu_28/grp_run_hybrid_lif_head_Pipeline_VITIS_LOOP_66_5_fu_389/quotient_2_reg_2614_reg[14]                                                                                                      | FLOP_LATCH.flop.FDRE |
    | grp_run_hybrid_lif_head_fu_28/grp_run_hybrid_lif_head_Pipeline_VITIS_LOOP_66_5_fu_389/mac_muladd_12s_7ns_18s_19_4_1_U45/hybrid_lif_head_q12_6_mac_muladd_12s_7ns_18s_19_4_1_DSP48_0_U/p_reg_reg                        | MULT.dsp.DSP48E1     |
    | grp_run_hybrid_lif_head_fu_28/grp_run_hybrid_lif_head_Pipeline_VITIS_LOOP_66_5_fu_389/mac_muladd_12s_7ns_18s_19_4_1_U45/hybrid_lif_head_q12_6_mac_muladd_12s_7ns_18s_19_4_1_DSP48_0_U/numerator_fu_1690_p2_carry_i_3   | LUT.others.LUT2      |
    | grp_run_hybrid_lif_head_fu_28/grp_run_hybrid_lif_head_Pipeline_VITIS_LOOP_66_5_fu_389/numerator_fu_1690_p2_carry                                                                                                       | CARRY.others.CARRY4  |
    | grp_run_hybrid_lif_head_fu_28/grp_run_hybrid_lif_head_Pipeline_VITIS_LOOP_66_5_fu_389/numerator_fu_1690_p2__56_carry_i_1                                                                                               | LUT.others.LUT2      |
    | grp_run_hybrid_lif_head_fu_28/grp_run_hybrid_lif_head_Pipeline_VITIS_LOOP_66_5_fu_389/numerator_fu_1690_p2__56_carry                                                                                                   | CARRY.others.CARRY4  |
    | grp_run_hybrid_lif_head_fu_28/grp_run_hybrid_lif_head_Pipeline_VITIS_LOOP_66_5_fu_389/numerator_fu_1690_p2__56_carry__0                                                                                                | CARRY.others.CARRY4  |
    | grp_run_hybrid_lif_head_fu_28/grp_run_hybrid_lif_head_Pipeline_VITIS_LOOP_66_5_fu_389/numerator_fu_1690_p2__116_carry__0_i_1                                                                                           | LUT.others.LUT2      |
    | grp_run_hybrid_lif_head_fu_28/grp_run_hybrid_lif_head_Pipeline_VITIS_LOOP_66_5_fu_389/numerator_fu_1690_p2__116_carry__0                                                                                               | CARRY.others.CARRY4  |
    | grp_run_hybrid_lif_head_fu_28/grp_run_hybrid_lif_head_Pipeline_VITIS_LOOP_66_5_fu_389/numerator_fu_1690_p2__116_carry__1                                                                                               | CARRY.others.CARRY4  |
    | grp_run_hybrid_lif_head_fu_28/grp_run_hybrid_lif_head_Pipeline_VITIS_LOOP_66_5_fu_389/numerator_fu_1690_p2__179_carry__1_i_1                                                                                           | LUT.others.LUT2      |
    | grp_run_hybrid_lif_head_fu_28/grp_run_hybrid_lif_head_Pipeline_VITIS_LOOP_66_5_fu_389/numerator_fu_1690_p2__179_carry__1                                                                                               | CARRY.others.CARRY4  |
    | grp_run_hybrid_lif_head_fu_28/grp_run_hybrid_lif_head_Pipeline_VITIS_LOOP_66_5_fu_389/numerator_fu_1690_p2__179_carry__2                                                                                               | CARRY.others.CARRY4  |
    | grp_run_hybrid_lif_head_fu_28/grp_run_hybrid_lif_head_Pipeline_VITIS_LOOP_66_5_fu_389/quotient_fu_1746_p2_carry__0_i_8                                                                                                 | LUT.others.LUT1      |
    | grp_run_hybrid_lif_head_fu_28/grp_run_hybrid_lif_head_Pipeline_VITIS_LOOP_66_5_fu_389/quotient_fu_1746_p2_carry__0_i_5                                                                                                 | CARRY.others.CARRY4  |
    | grp_run_hybrid_lif_head_fu_28/grp_run_hybrid_lif_head_Pipeline_VITIS_LOOP_66_5_fu_389/mac_muladd_12s_7ns_18s_19_4_1_U45/hybrid_lif_head_q12_6_mac_muladd_12s_7ns_18s_19_4_1_DSP48_0_U/quotient_fu_1746_p2_carry__1_i_3 | LUT.others.LUT3      |
    | grp_run_hybrid_lif_head_fu_28/grp_run_hybrid_lif_head_Pipeline_VITIS_LOOP_66_5_fu_389/quotient_fu_1746_p2_carry__1                                                                                                     | CARRY.others.CARRY4  |
    | grp_run_hybrid_lif_head_fu_28/grp_run_hybrid_lif_head_Pipeline_VITIS_LOOP_66_5_fu_389/quotient_fu_1746_p2_carry__2                                                                                                     | CARRY.others.CARRY4  |
    | grp_run_hybrid_lif_head_fu_28/grp_run_hybrid_lif_head_Pipeline_VITIS_LOOP_66_5_fu_389/mac_muladd_12s_7ns_18s_19_4_1_U45/hybrid_lif_head_q12_6_mac_muladd_12s_7ns_18s_19_4_1_DSP48_0_U/quotient_2_reg_2614[13]_i_1      | LUT.others.LUT6      |
    | grp_run_hybrid_lif_head_fu_28/grp_run_hybrid_lif_head_Pipeline_VITIS_LOOP_66_5_fu_389/quotient_2_reg_2614_reg[13]                                                                                                      | FLOP_LATCH.flop.FDRE |
    +------------------------------------------------------------------------------------------------------------------------------------------------------------------------------------------------------------------------+----------------------+

    +------------------------------------------------------------------------------------------------------------------------------------------------------------------------------------------------------------------------+----------------------+
    | Path4 Cells                                                                                                                                                                                                            | Primitive Type       |
    +------------------------------------------------------------------------------------------------------------------------------------------------------------------------------------------------------------------------+----------------------+
    | grp_run_hybrid_lif_head_fu_28/grp_run_hybrid_lif_head_Pipeline_VITIS_LOOP_66_5_fu_389/mac_muladd_12s_7ns_18s_19_4_1_U45/hybrid_lif_head_q12_6_mac_muladd_12s_7ns_18s_19_4_1_DSP48_0_U/p_reg_reg                        | MULT.dsp.DSP48E1     |
    | grp_run_hybrid_lif_head_fu_28/grp_run_hybrid_lif_head_Pipeline_VITIS_LOOP_66_5_fu_389/mac_muladd_12s_7ns_18s_19_4_1_U45/hybrid_lif_head_q12_6_mac_muladd_12s_7ns_18s_19_4_1_DSP48_0_U/numerator_fu_1690_p2_carry_i_3   | LUT.others.LUT2      |
    | grp_run_hybrid_lif_head_fu_28/grp_run_hybrid_lif_head_Pipeline_VITIS_LOOP_66_5_fu_389/numerator_fu_1690_p2_carry                                                                                                       | CARRY.others.CARRY4  |
    | grp_run_hybrid_lif_head_fu_28/grp_run_hybrid_lif_head_Pipeline_VITIS_LOOP_66_5_fu_389/numerator_fu_1690_p2__56_carry_i_1                                                                                               | LUT.others.LUT2      |
    | grp_run_hybrid_lif_head_fu_28/grp_run_hybrid_lif_head_Pipeline_VITIS_LOOP_66_5_fu_389/numerator_fu_1690_p2__56_carry                                                                                                   | CARRY.others.CARRY4  |
    | grp_run_hybrid_lif_head_fu_28/grp_run_hybrid_lif_head_Pipeline_VITIS_LOOP_66_5_fu_389/numerator_fu_1690_p2__56_carry__0                                                                                                | CARRY.others.CARRY4  |
    | grp_run_hybrid_lif_head_fu_28/grp_run_hybrid_lif_head_Pipeline_VITIS_LOOP_66_5_fu_389/numerator_fu_1690_p2__116_carry__0_i_1                                                                                           | LUT.others.LUT2      |
    | grp_run_hybrid_lif_head_fu_28/grp_run_hybrid_lif_head_Pipeline_VITIS_LOOP_66_5_fu_389/numerator_fu_1690_p2__116_carry__0                                                                                               | CARRY.others.CARRY4  |
    | grp_run_hybrid_lif_head_fu_28/grp_run_hybrid_lif_head_Pipeline_VITIS_LOOP_66_5_fu_389/numerator_fu_1690_p2__116_carry__1                                                                                               | CARRY.others.CARRY4  |
    | grp_run_hybrid_lif_head_fu_28/grp_run_hybrid_lif_head_Pipeline_VITIS_LOOP_66_5_fu_389/numerator_fu_1690_p2__179_carry__1_i_1                                                                                           | LUT.others.LUT2      |
    | grp_run_hybrid_lif_head_fu_28/grp_run_hybrid_lif_head_Pipeline_VITIS_LOOP_66_5_fu_389/numerator_fu_1690_p2__179_carry__1                                                                                               | CARRY.others.CARRY4  |
    | grp_run_hybrid_lif_head_fu_28/grp_run_hybrid_lif_head_Pipeline_VITIS_LOOP_66_5_fu_389/numerator_fu_1690_p2__179_carry__2                                                                                               | CARRY.others.CARRY4  |
    | grp_run_hybrid_lif_head_fu_28/grp_run_hybrid_lif_head_Pipeline_VITIS_LOOP_66_5_fu_389/quotient_fu_1746_p2_carry__0_i_7                                                                                                 | LUT.others.LUT1      |
    | grp_run_hybrid_lif_head_fu_28/grp_run_hybrid_lif_head_Pipeline_VITIS_LOOP_66_5_fu_389/quotient_fu_1746_p2_carry__0_i_5                                                                                                 | CARRY.others.CARRY4  |
    | grp_run_hybrid_lif_head_fu_28/grp_run_hybrid_lif_head_Pipeline_VITIS_LOOP_66_5_fu_389/mac_muladd_12s_7ns_18s_19_4_1_U45/hybrid_lif_head_q12_6_mac_muladd_12s_7ns_18s_19_4_1_DSP48_0_U/quotient_fu_1746_p2_carry__1_i_5 | CARRY.others.CARRY4  |
    | grp_run_hybrid_lif_head_fu_28/grp_run_hybrid_lif_head_Pipeline_VITIS_LOOP_66_5_fu_389/mac_muladd_12s_7ns_18s_19_4_1_U45/hybrid_lif_head_q12_6_mac_muladd_12s_7ns_18s_19_4_1_DSP48_0_U/quotient_fu_1746_p2_carry__2_i_3 | LUT.others.LUT3      |
    | grp_run_hybrid_lif_head_fu_28/grp_run_hybrid_lif_head_Pipeline_VITIS_LOOP_66_5_fu_389/quotient_fu_1746_p2_carry__2                                                                                                     | CARRY.others.CARRY4  |
    | grp_run_hybrid_lif_head_fu_28/grp_run_hybrid_lif_head_Pipeline_VITIS_LOOP_66_5_fu_389/mac_muladd_12s_7ns_18s_19_4_1_U45/hybrid_lif_head_q12_6_mac_muladd_12s_7ns_18s_19_4_1_DSP48_0_U/quotient_2_reg_2614[16]_i_1      | LUT.others.LUT6      |
    | grp_run_hybrid_lif_head_fu_28/grp_run_hybrid_lif_head_Pipeline_VITIS_LOOP_66_5_fu_389/quotient_2_reg_2614_reg[16]                                                                                                      | FLOP_LATCH.flop.FDRE |
    | grp_run_hybrid_lif_head_fu_28/grp_run_hybrid_lif_head_Pipeline_VITIS_LOOP_66_5_fu_389/mac_muladd_12s_7ns_18s_19_4_1_U45/hybrid_lif_head_q12_6_mac_muladd_12s_7ns_18s_19_4_1_DSP48_0_U/p_reg_reg                        | MULT.dsp.DSP48E1     |
    | grp_run_hybrid_lif_head_fu_28/grp_run_hybrid_lif_head_Pipeline_VITIS_LOOP_66_5_fu_389/mac_muladd_12s_7ns_18s_19_4_1_U45/hybrid_lif_head_q12_6_mac_muladd_12s_7ns_18s_19_4_1_DSP48_0_U/numerator_fu_1690_p2_carry_i_3   | LUT.others.LUT2      |
    | grp_run_hybrid_lif_head_fu_28/grp_run_hybrid_lif_head_Pipeline_VITIS_LOOP_66_5_fu_389/numerator_fu_1690_p2_carry                                                                                                       | CARRY.others.CARRY4  |
    | grp_run_hybrid_lif_head_fu_28/grp_run_hybrid_lif_head_Pipeline_VITIS_LOOP_66_5_fu_389/numerator_fu_1690_p2__56_carry_i_1                                                                                               | LUT.others.LUT2      |
    | grp_run_hybrid_lif_head_fu_28/grp_run_hybrid_lif_head_Pipeline_VITIS_LOOP_66_5_fu_389/numerator_fu_1690_p2__56_carry                                                                                                   | CARRY.others.CARRY4  |
    | grp_run_hybrid_lif_head_fu_28/grp_run_hybrid_lif_head_Pipeline_VITIS_LOOP_66_5_fu_389/numerator_fu_1690_p2__56_carry__0                                                                                                | CARRY.others.CARRY4  |
    | grp_run_hybrid_lif_head_fu_28/grp_run_hybrid_lif_head_Pipeline_VITIS_LOOP_66_5_fu_389/numerator_fu_1690_p2__116_carry__0_i_1                                                                                           | LUT.others.LUT2      |
    | grp_run_hybrid_lif_head_fu_28/grp_run_hybrid_lif_head_Pipeline_VITIS_LOOP_66_5_fu_389/numerator_fu_1690_p2__116_carry__0                                                                                               | CARRY.others.CARRY4  |
    | grp_run_hybrid_lif_head_fu_28/grp_run_hybrid_lif_head_Pipeline_VITIS_LOOP_66_5_fu_389/numerator_fu_1690_p2__116_carry__1                                                                                               | CARRY.others.CARRY4  |
    | grp_run_hybrid_lif_head_fu_28/grp_run_hybrid_lif_head_Pipeline_VITIS_LOOP_66_5_fu_389/numerator_fu_1690_p2__179_carry__1_i_1                                                                                           | LUT.others.LUT2      |
    | grp_run_hybrid_lif_head_fu_28/grp_run_hybrid_lif_head_Pipeline_VITIS_LOOP_66_5_fu_389/numerator_fu_1690_p2__179_carry__1                                                                                               | CARRY.others.CARRY4  |
    | grp_run_hybrid_lif_head_fu_28/grp_run_hybrid_lif_head_Pipeline_VITIS_LOOP_66_5_fu_389/numerator_fu_1690_p2__179_carry__2                                                                                               | CARRY.others.CARRY4  |
    | grp_run_hybrid_lif_head_fu_28/grp_run_hybrid_lif_head_Pipeline_VITIS_LOOP_66_5_fu_389/quotient_fu_1746_p2_carry__0_i_7                                                                                                 | LUT.others.LUT1      |
    | grp_run_hybrid_lif_head_fu_28/grp_run_hybrid_lif_head_Pipeline_VITIS_LOOP_66_5_fu_389/quotient_fu_1746_p2_carry__0_i_5                                                                                                 | CARRY.others.CARRY4  |
    | grp_run_hybrid_lif_head_fu_28/grp_run_hybrid_lif_head_Pipeline_VITIS_LOOP_66_5_fu_389/mac_muladd_12s_7ns_18s_19_4_1_U45/hybrid_lif_head_q12_6_mac_muladd_12s_7ns_18s_19_4_1_DSP48_0_U/quotient_fu_1746_p2_carry__1_i_5 | CARRY.others.CARRY4  |
    | grp_run_hybrid_lif_head_fu_28/grp_run_hybrid_lif_head_Pipeline_VITIS_LOOP_66_5_fu_389/mac_muladd_12s_7ns_18s_19_4_1_U45/hybrid_lif_head_q12_6_mac_muladd_12s_7ns_18s_19_4_1_DSP48_0_U/quotient_fu_1746_p2_carry__2_i_3 | LUT.others.LUT3      |
    | grp_run_hybrid_lif_head_fu_28/grp_run_hybrid_lif_head_Pipeline_VITIS_LOOP_66_5_fu_389/quotient_fu_1746_p2_carry__2                                                                                                     | CARRY.others.CARRY4  |
    | grp_run_hybrid_lif_head_fu_28/grp_run_hybrid_lif_head_Pipeline_VITIS_LOOP_66_5_fu_389/mac_muladd_12s_7ns_18s_19_4_1_U45/hybrid_lif_head_q12_6_mac_muladd_12s_7ns_18s_19_4_1_DSP48_0_U/quotient_2_reg_2614[15]_i_1      | LUT.others.LUT6      |
    | grp_run_hybrid_lif_head_fu_28/grp_run_hybrid_lif_head_Pipeline_VITIS_LOOP_66_5_fu_389/quotient_2_reg_2614_reg[15]                                                                                                      | FLOP_LATCH.flop.FDRE |
    | grp_run_hybrid_lif_head_fu_28/grp_run_hybrid_lif_head_Pipeline_VITIS_LOOP_66_5_fu_389/mac_muladd_12s_7ns_18s_19_4_1_U45/hybrid_lif_head_q12_6_mac_muladd_12s_7ns_18s_19_4_1_DSP48_0_U/p_reg_reg                        | MULT.dsp.DSP48E1     |
    | grp_run_hybrid_lif_head_fu_28/grp_run_hybrid_lif_head_Pipeline_VITIS_LOOP_66_5_fu_389/mac_muladd_12s_7ns_18s_19_4_1_U45/hybrid_lif_head_q12_6_mac_muladd_12s_7ns_18s_19_4_1_DSP48_0_U/numerator_fu_1690_p2_carry_i_3   | LUT.others.LUT2      |
    | grp_run_hybrid_lif_head_fu_28/grp_run_hybrid_lif_head_Pipeline_VITIS_LOOP_66_5_fu_389/numerator_fu_1690_p2_carry                                                                                                       | CARRY.others.CARRY4  |
    | grp_run_hybrid_lif_head_fu_28/grp_run_hybrid_lif_head_Pipeline_VITIS_LOOP_66_5_fu_389/numerator_fu_1690_p2__56_carry_i_1                                                                                               | LUT.others.LUT2      |
    | grp_run_hybrid_lif_head_fu_28/grp_run_hybrid_lif_head_Pipeline_VITIS_LOOP_66_5_fu_389/numerator_fu_1690_p2__56_carry                                                                                                   | CARRY.others.CARRY4  |
    | grp_run_hybrid_lif_head_fu_28/grp_run_hybrid_lif_head_Pipeline_VITIS_LOOP_66_5_fu_389/numerator_fu_1690_p2__56_carry__0                                                                                                | CARRY.others.CARRY4  |
    | grp_run_hybrid_lif_head_fu_28/grp_run_hybrid_lif_head_Pipeline_VITIS_LOOP_66_5_fu_389/numerator_fu_1690_p2__116_carry__0_i_1                                                                                           | LUT.others.LUT2      |
    | grp_run_hybrid_lif_head_fu_28/grp_run_hybrid_lif_head_Pipeline_VITIS_LOOP_66_5_fu_389/numerator_fu_1690_p2__116_carry__0                                                                                               | CARRY.others.CARRY4  |
    | grp_run_hybrid_lif_head_fu_28/grp_run_hybrid_lif_head_Pipeline_VITIS_LOOP_66_5_fu_389/numerator_fu_1690_p2__116_carry__1                                                                                               | CARRY.others.CARRY4  |
    | grp_run_hybrid_lif_head_fu_28/grp_run_hybrid_lif_head_Pipeline_VITIS_LOOP_66_5_fu_389/numerator_fu_1690_p2__179_carry__1_i_1                                                                                           | LUT.others.LUT2      |
    | grp_run_hybrid_lif_head_fu_28/grp_run_hybrid_lif_head_Pipeline_VITIS_LOOP_66_5_fu_389/numerator_fu_1690_p2__179_carry__1                                                                                               | CARRY.others.CARRY4  |
    | grp_run_hybrid_lif_head_fu_28/grp_run_hybrid_lif_head_Pipeline_VITIS_LOOP_66_5_fu_389/numerator_fu_1690_p2__179_carry__2                                                                                               | CARRY.others.CARRY4  |
    | grp_run_hybrid_lif_head_fu_28/grp_run_hybrid_lif_head_Pipeline_VITIS_LOOP_66_5_fu_389/quotient_fu_1746_p2_carry__0_i_8                                                                                                 | LUT.others.LUT1      |
    | grp_run_hybrid_lif_head_fu_28/grp_run_hybrid_lif_head_Pipeline_VITIS_LOOP_66_5_fu_389/quotient_fu_1746_p2_carry__0_i_5                                                                                                 | CARRY.others.CARRY4  |
    | grp_run_hybrid_lif_head_fu_28/grp_run_hybrid_lif_head_Pipeline_VITIS_LOOP_66_5_fu_389/mac_muladd_12s_7ns_18s_19_4_1_U45/hybrid_lif_head_q12_6_mac_muladd_12s_7ns_18s_19_4_1_DSP48_0_U/quotient_fu_1746_p2_carry__1_i_3 | LUT.others.LUT3      |
    | grp_run_hybrid_lif_head_fu_28/grp_run_hybrid_lif_head_Pipeline_VITIS_LOOP_66_5_fu_389/quotient_fu_1746_p2_carry__1                                                                                                     | CARRY.others.CARRY4  |
    | grp_run_hybrid_lif_head_fu_28/grp_run_hybrid_lif_head_Pipeline_VITIS_LOOP_66_5_fu_389/mac_muladd_12s_7ns_18s_19_4_1_U45/hybrid_lif_head_q12_6_mac_muladd_12s_7ns_18s_19_4_1_DSP48_0_U/quotient_2_reg_2614[12]_i_1      | LUT.others.LUT6      |
    | grp_run_hybrid_lif_head_fu_28/grp_run_hybrid_lif_head_Pipeline_VITIS_LOOP_66_5_fu_389/quotient_2_reg_2614_reg[12]                                                                                                      | FLOP_LATCH.flop.FDRE |
    | grp_run_hybrid_lif_head_fu_28/grp_run_hybrid_lif_head_Pipeline_VITIS_LOOP_66_5_fu_389/mac_muladd_12s_7ns_18s_19_4_1_U45/hybrid_lif_head_q12_6_mac_muladd_12s_7ns_18s_19_4_1_DSP48_0_U/p_reg_reg                        | MULT.dsp.DSP48E1     |
    | grp_run_hybrid_lif_head_fu_28/grp_run_hybrid_lif_head_Pipeline_VITIS_LOOP_66_5_fu_389/mac_muladd_12s_7ns_18s_19_4_1_U45/hybrid_lif_head_q12_6_mac_muladd_12s_7ns_18s_19_4_1_DSP48_0_U/numerator_fu_1690_p2_carry_i_3   | LUT.others.LUT2      |
    | grp_run_hybrid_lif_head_fu_28/grp_run_hybrid_lif_head_Pipeline_VITIS_LOOP_66_5_fu_389/numerator_fu_1690_p2_carry                                                                                                       | CARRY.others.CARRY4  |
    | grp_run_hybrid_lif_head_fu_28/grp_run_hybrid_lif_head_Pipeline_VITIS_LOOP_66_5_fu_389/numerator_fu_1690_p2__56_carry_i_1                                                                                               | LUT.others.LUT2      |
    | grp_run_hybrid_lif_head_fu_28/grp_run_hybrid_lif_head_Pipeline_VITIS_LOOP_66_5_fu_389/numerator_fu_1690_p2__56_carry                                                                                                   | CARRY.others.CARRY4  |
    | grp_run_hybrid_lif_head_fu_28/grp_run_hybrid_lif_head_Pipeline_VITIS_LOOP_66_5_fu_389/numerator_fu_1690_p2__56_carry__0                                                                                                | CARRY.others.CARRY4  |
    | grp_run_hybrid_lif_head_fu_28/grp_run_hybrid_lif_head_Pipeline_VITIS_LOOP_66_5_fu_389/numerator_fu_1690_p2__116_carry__0_i_1                                                                                           | LUT.others.LUT2      |
    | grp_run_hybrid_lif_head_fu_28/grp_run_hybrid_lif_head_Pipeline_VITIS_LOOP_66_5_fu_389/numerator_fu_1690_p2__116_carry__0                                                                                               | CARRY.others.CARRY4  |
    | grp_run_hybrid_lif_head_fu_28/grp_run_hybrid_lif_head_Pipeline_VITIS_LOOP_66_5_fu_389/numerator_fu_1690_p2__116_carry__1                                                                                               | CARRY.others.CARRY4  |
    | grp_run_hybrid_lif_head_fu_28/grp_run_hybrid_lif_head_Pipeline_VITIS_LOOP_66_5_fu_389/numerator_fu_1690_p2__179_carry__1_i_1                                                                                           | LUT.others.LUT2      |
    | grp_run_hybrid_lif_head_fu_28/grp_run_hybrid_lif_head_Pipeline_VITIS_LOOP_66_5_fu_389/numerator_fu_1690_p2__179_carry__1                                                                                               | CARRY.others.CARRY4  |
    | grp_run_hybrid_lif_head_fu_28/grp_run_hybrid_lif_head_Pipeline_VITIS_LOOP_66_5_fu_389/numerator_fu_1690_p2__179_carry__2                                                                                               | CARRY.others.CARRY4  |
    | grp_run_hybrid_lif_head_fu_28/grp_run_hybrid_lif_head_Pipeline_VITIS_LOOP_66_5_fu_389/quotient_fu_1746_p2_carry__0_i_8                                                                                                 | LUT.others.LUT1      |
    | grp_run_hybrid_lif_head_fu_28/grp_run_hybrid_lif_head_Pipeline_VITIS_LOOP_66_5_fu_389/quotient_fu_1746_p2_carry__0_i_5                                                                                                 | CARRY.others.CARRY4  |
    | grp_run_hybrid_lif_head_fu_28/grp_run_hybrid_lif_head_Pipeline_VITIS_LOOP_66_5_fu_389/mac_muladd_12s_7ns_18s_19_4_1_U45/hybrid_lif_head_q12_6_mac_muladd_12s_7ns_18s_19_4_1_DSP48_0_U/quotient_fu_1746_p2_carry__1_i_3 | LUT.others.LUT3      |
    | grp_run_hybrid_lif_head_fu_28/grp_run_hybrid_lif_head_Pipeline_VITIS_LOOP_66_5_fu_389/quotient_fu_1746_p2_carry__1                                                                                                     | CARRY.others.CARRY4  |
    | grp_run_hybrid_lif_head_fu_28/grp_run_hybrid_lif_head_Pipeline_VITIS_LOOP_66_5_fu_389/quotient_fu_1746_p2_carry__2                                                                                                     | CARRY.others.CARRY4  |
    | grp_run_hybrid_lif_head_fu_28/grp_run_hybrid_lif_head_Pipeline_VITIS_LOOP_66_5_fu_389/mac_muladd_12s_7ns_18s_19_4_1_U45/hybrid_lif_head_q12_6_mac_muladd_12s_7ns_18s_19_4_1_DSP48_0_U/quotient_2_reg_2614[14]_i_1      | LUT.others.LUT6      |
    | grp_run_hybrid_lif_head_fu_28/grp_run_hybrid_lif_head_Pipeline_VITIS_LOOP_66_5_fu_389/quotient_2_reg_2614_reg[14]                                                                                                      | FLOP_LATCH.flop.FDRE |
    | grp_run_hybrid_lif_head_fu_28/grp_run_hybrid_lif_head_Pipeline_VITIS_LOOP_66_5_fu_389/mac_muladd_12s_7ns_18s_19_4_1_U45/hybrid_lif_head_q12_6_mac_muladd_12s_7ns_18s_19_4_1_DSP48_0_U/p_reg_reg                        | MULT.dsp.DSP48E1     |
    | grp_run_hybrid_lif_head_fu_28/grp_run_hybrid_lif_head_Pipeline_VITIS_LOOP_66_5_fu_389/mac_muladd_12s_7ns_18s_19_4_1_U45/hybrid_lif_head_q12_6_mac_muladd_12s_7ns_18s_19_4_1_DSP48_0_U/numerator_fu_1690_p2_carry_i_3   | LUT.others.LUT2      |
    | grp_run_hybrid_lif_head_fu_28/grp_run_hybrid_lif_head_Pipeline_VITIS_LOOP_66_5_fu_389/numerator_fu_1690_p2_carry                                                                                                       | CARRY.others.CARRY4  |
    | grp_run_hybrid_lif_head_fu_28/grp_run_hybrid_lif_head_Pipeline_VITIS_LOOP_66_5_fu_389/numerator_fu_1690_p2__56_carry_i_1                                                                                               | LUT.others.LUT2      |
    | grp_run_hybrid_lif_head_fu_28/grp_run_hybrid_lif_head_Pipeline_VITIS_LOOP_66_5_fu_389/numerator_fu_1690_p2__56_carry                                                                                                   | CARRY.others.CARRY4  |
    | grp_run_hybrid_lif_head_fu_28/grp_run_hybrid_lif_head_Pipeline_VITIS_LOOP_66_5_fu_389/numerator_fu_1690_p2__56_carry__0                                                                                                | CARRY.others.CARRY4  |
    | grp_run_hybrid_lif_head_fu_28/grp_run_hybrid_lif_head_Pipeline_VITIS_LOOP_66_5_fu_389/numerator_fu_1690_p2__116_carry__0_i_1                                                                                           | LUT.others.LUT2      |
    | grp_run_hybrid_lif_head_fu_28/grp_run_hybrid_lif_head_Pipeline_VITIS_LOOP_66_5_fu_389/numerator_fu_1690_p2__116_carry__0                                                                                               | CARRY.others.CARRY4  |
    | grp_run_hybrid_lif_head_fu_28/grp_run_hybrid_lif_head_Pipeline_VITIS_LOOP_66_5_fu_389/numerator_fu_1690_p2__116_carry__1                                                                                               | CARRY.others.CARRY4  |
    | grp_run_hybrid_lif_head_fu_28/grp_run_hybrid_lif_head_Pipeline_VITIS_LOOP_66_5_fu_389/numerator_fu_1690_p2__179_carry__1_i_1                                                                                           | LUT.others.LUT2      |
    | grp_run_hybrid_lif_head_fu_28/grp_run_hybrid_lif_head_Pipeline_VITIS_LOOP_66_5_fu_389/numerator_fu_1690_p2__179_carry__1                                                                                               | CARRY.others.CARRY4  |
    | grp_run_hybrid_lif_head_fu_28/grp_run_hybrid_lif_head_Pipeline_VITIS_LOOP_66_5_fu_389/numerator_fu_1690_p2__179_carry__2                                                                                               | CARRY.others.CARRY4  |
    | grp_run_hybrid_lif_head_fu_28/grp_run_hybrid_lif_head_Pipeline_VITIS_LOOP_66_5_fu_389/quotient_fu_1746_p2_carry__0_i_8                                                                                                 | LUT.others.LUT1      |
    | grp_run_hybrid_lif_head_fu_28/grp_run_hybrid_lif_head_Pipeline_VITIS_LOOP_66_5_fu_389/quotient_fu_1746_p2_carry__0_i_5                                                                                                 | CARRY.others.CARRY4  |
    | grp_run_hybrid_lif_head_fu_28/grp_run_hybrid_lif_head_Pipeline_VITIS_LOOP_66_5_fu_389/mac_muladd_12s_7ns_18s_19_4_1_U45/hybrid_lif_head_q12_6_mac_muladd_12s_7ns_18s_19_4_1_DSP48_0_U/quotient_fu_1746_p2_carry__1_i_3 | LUT.others.LUT3      |
    | grp_run_hybrid_lif_head_fu_28/grp_run_hybrid_lif_head_Pipeline_VITIS_LOOP_66_5_fu_389/quotient_fu_1746_p2_carry__1                                                                                                     | CARRY.others.CARRY4  |
    | grp_run_hybrid_lif_head_fu_28/grp_run_hybrid_lif_head_Pipeline_VITIS_LOOP_66_5_fu_389/quotient_fu_1746_p2_carry__2                                                                                                     | CARRY.others.CARRY4  |
    | grp_run_hybrid_lif_head_fu_28/grp_run_hybrid_lif_head_Pipeline_VITIS_LOOP_66_5_fu_389/mac_muladd_12s_7ns_18s_19_4_1_U45/hybrid_lif_head_q12_6_mac_muladd_12s_7ns_18s_19_4_1_DSP48_0_U/quotient_2_reg_2614[13]_i_1      | LUT.others.LUT6      |
    | grp_run_hybrid_lif_head_fu_28/grp_run_hybrid_lif_head_Pipeline_VITIS_LOOP_66_5_fu_389/quotient_2_reg_2614_reg[13]                                                                                                      | FLOP_LATCH.flop.FDRE |
    +------------------------------------------------------------------------------------------------------------------------------------------------------------------------------------------------------------------------+----------------------+

    +------------------------------------------------------------------------------------------------------------------------------------------------------------------------------------------------------------------------+----------------------+
    | Path5 Cells                                                                                                                                                                                                            | Primitive Type       |
    +------------------------------------------------------------------------------------------------------------------------------------------------------------------------------------------------------------------------+----------------------+
    | grp_run_hybrid_lif_head_fu_28/grp_run_hybrid_lif_head_Pipeline_VITIS_LOOP_66_5_fu_389/mac_muladd_12s_7ns_18s_19_4_1_U45/hybrid_lif_head_q12_6_mac_muladd_12s_7ns_18s_19_4_1_DSP48_0_U/p_reg_reg                        | MULT.dsp.DSP48E1     |
    | grp_run_hybrid_lif_head_fu_28/grp_run_hybrid_lif_head_Pipeline_VITIS_LOOP_66_5_fu_389/mac_muladd_12s_7ns_18s_19_4_1_U45/hybrid_lif_head_q12_6_mac_muladd_12s_7ns_18s_19_4_1_DSP48_0_U/numerator_fu_1690_p2_carry_i_3   | LUT.others.LUT2      |
    | grp_run_hybrid_lif_head_fu_28/grp_run_hybrid_lif_head_Pipeline_VITIS_LOOP_66_5_fu_389/numerator_fu_1690_p2_carry                                                                                                       | CARRY.others.CARRY4  |
    | grp_run_hybrid_lif_head_fu_28/grp_run_hybrid_lif_head_Pipeline_VITIS_LOOP_66_5_fu_389/numerator_fu_1690_p2__56_carry_i_1                                                                                               | LUT.others.LUT2      |
    | grp_run_hybrid_lif_head_fu_28/grp_run_hybrid_lif_head_Pipeline_VITIS_LOOP_66_5_fu_389/numerator_fu_1690_p2__56_carry                                                                                                   | CARRY.others.CARRY4  |
    | grp_run_hybrid_lif_head_fu_28/grp_run_hybrid_lif_head_Pipeline_VITIS_LOOP_66_5_fu_389/numerator_fu_1690_p2__56_carry__0                                                                                                | CARRY.others.CARRY4  |
    | grp_run_hybrid_lif_head_fu_28/grp_run_hybrid_lif_head_Pipeline_VITIS_LOOP_66_5_fu_389/numerator_fu_1690_p2__116_carry__0_i_1                                                                                           | LUT.others.LUT2      |
    | grp_run_hybrid_lif_head_fu_28/grp_run_hybrid_lif_head_Pipeline_VITIS_LOOP_66_5_fu_389/numerator_fu_1690_p2__116_carry__0                                                                                               | CARRY.others.CARRY4  |
    | grp_run_hybrid_lif_head_fu_28/grp_run_hybrid_lif_head_Pipeline_VITIS_LOOP_66_5_fu_389/numerator_fu_1690_p2__116_carry__1                                                                                               | CARRY.others.CARRY4  |
    | grp_run_hybrid_lif_head_fu_28/grp_run_hybrid_lif_head_Pipeline_VITIS_LOOP_66_5_fu_389/numerator_fu_1690_p2__179_carry__1_i_1                                                                                           | LUT.others.LUT2      |
    | grp_run_hybrid_lif_head_fu_28/grp_run_hybrid_lif_head_Pipeline_VITIS_LOOP_66_5_fu_389/numerator_fu_1690_p2__179_carry__1                                                                                               | CARRY.others.CARRY4  |
    | grp_run_hybrid_lif_head_fu_28/grp_run_hybrid_lif_head_Pipeline_VITIS_LOOP_66_5_fu_389/numerator_fu_1690_p2__179_carry__2                                                                                               | CARRY.others.CARRY4  |
    | grp_run_hybrid_lif_head_fu_28/grp_run_hybrid_lif_head_Pipeline_VITIS_LOOP_66_5_fu_389/quotient_fu_1746_p2_carry__0_i_7                                                                                                 | LUT.others.LUT1      |
    | grp_run_hybrid_lif_head_fu_28/grp_run_hybrid_lif_head_Pipeline_VITIS_LOOP_66_5_fu_389/quotient_fu_1746_p2_carry__0_i_5                                                                                                 | CARRY.others.CARRY4  |
    | grp_run_hybrid_lif_head_fu_28/grp_run_hybrid_lif_head_Pipeline_VITIS_LOOP_66_5_fu_389/mac_muladd_12s_7ns_18s_19_4_1_U45/hybrid_lif_head_q12_6_mac_muladd_12s_7ns_18s_19_4_1_DSP48_0_U/quotient_fu_1746_p2_carry__1_i_5 | CARRY.others.CARRY4  |
    | grp_run_hybrid_lif_head_fu_28/grp_run_hybrid_lif_head_Pipeline_VITIS_LOOP_66_5_fu_389/mac_muladd_12s_7ns_18s_19_4_1_U45/hybrid_lif_head_q12_6_mac_muladd_12s_7ns_18s_19_4_1_DSP48_0_U/quotient_fu_1746_p2_carry__2_i_3 | LUT.others.LUT3      |
    | grp_run_hybrid_lif_head_fu_28/grp_run_hybrid_lif_head_Pipeline_VITIS_LOOP_66_5_fu_389/quotient_fu_1746_p2_carry__2                                                                                                     | CARRY.others.CARRY4  |
    | grp_run_hybrid_lif_head_fu_28/grp_run_hybrid_lif_head_Pipeline_VITIS_LOOP_66_5_fu_389/mac_muladd_12s_7ns_18s_19_4_1_U45/hybrid_lif_head_q12_6_mac_muladd_12s_7ns_18s_19_4_1_DSP48_0_U/quotient_2_reg_2614[16]_i_1      | LUT.others.LUT6      |
    | grp_run_hybrid_lif_head_fu_28/grp_run_hybrid_lif_head_Pipeline_VITIS_LOOP_66_5_fu_389/quotient_2_reg_2614_reg[16]                                                                                                      | FLOP_LATCH.flop.FDRE |
    | grp_run_hybrid_lif_head_fu_28/grp_run_hybrid_lif_head_Pipeline_VITIS_LOOP_66_5_fu_389/mac_muladd_12s_7ns_18s_19_4_1_U45/hybrid_lif_head_q12_6_mac_muladd_12s_7ns_18s_19_4_1_DSP48_0_U/p_reg_reg                        | MULT.dsp.DSP48E1     |
    | grp_run_hybrid_lif_head_fu_28/grp_run_hybrid_lif_head_Pipeline_VITIS_LOOP_66_5_fu_389/mac_muladd_12s_7ns_18s_19_4_1_U45/hybrid_lif_head_q12_6_mac_muladd_12s_7ns_18s_19_4_1_DSP48_0_U/numerator_fu_1690_p2_carry_i_3   | LUT.others.LUT2      |
    | grp_run_hybrid_lif_head_fu_28/grp_run_hybrid_lif_head_Pipeline_VITIS_LOOP_66_5_fu_389/numerator_fu_1690_p2_carry                                                                                                       | CARRY.others.CARRY4  |
    | grp_run_hybrid_lif_head_fu_28/grp_run_hybrid_lif_head_Pipeline_VITIS_LOOP_66_5_fu_389/numerator_fu_1690_p2__56_carry_i_1                                                                                               | LUT.others.LUT2      |
    | grp_run_hybrid_lif_head_fu_28/grp_run_hybrid_lif_head_Pipeline_VITIS_LOOP_66_5_fu_389/numerator_fu_1690_p2__56_carry                                                                                                   | CARRY.others.CARRY4  |
    | grp_run_hybrid_lif_head_fu_28/grp_run_hybrid_lif_head_Pipeline_VITIS_LOOP_66_5_fu_389/numerator_fu_1690_p2__56_carry__0                                                                                                | CARRY.others.CARRY4  |
    | grp_run_hybrid_lif_head_fu_28/grp_run_hybrid_lif_head_Pipeline_VITIS_LOOP_66_5_fu_389/numerator_fu_1690_p2__116_carry__0_i_1                                                                                           | LUT.others.LUT2      |
    | grp_run_hybrid_lif_head_fu_28/grp_run_hybrid_lif_head_Pipeline_VITIS_LOOP_66_5_fu_389/numerator_fu_1690_p2__116_carry__0                                                                                               | CARRY.others.CARRY4  |
    | grp_run_hybrid_lif_head_fu_28/grp_run_hybrid_lif_head_Pipeline_VITIS_LOOP_66_5_fu_389/numerator_fu_1690_p2__116_carry__1                                                                                               | CARRY.others.CARRY4  |
    | grp_run_hybrid_lif_head_fu_28/grp_run_hybrid_lif_head_Pipeline_VITIS_LOOP_66_5_fu_389/numerator_fu_1690_p2__179_carry__1_i_1                                                                                           | LUT.others.LUT2      |
    | grp_run_hybrid_lif_head_fu_28/grp_run_hybrid_lif_head_Pipeline_VITIS_LOOP_66_5_fu_389/numerator_fu_1690_p2__179_carry__1                                                                                               | CARRY.others.CARRY4  |
    | grp_run_hybrid_lif_head_fu_28/grp_run_hybrid_lif_head_Pipeline_VITIS_LOOP_66_5_fu_389/numerator_fu_1690_p2__179_carry__2                                                                                               | CARRY.others.CARRY4  |
    | grp_run_hybrid_lif_head_fu_28/grp_run_hybrid_lif_head_Pipeline_VITIS_LOOP_66_5_fu_389/quotient_fu_1746_p2_carry__0_i_7                                                                                                 | LUT.others.LUT1      |
    | grp_run_hybrid_lif_head_fu_28/grp_run_hybrid_lif_head_Pipeline_VITIS_LOOP_66_5_fu_389/quotient_fu_1746_p2_carry__0_i_5                                                                                                 | CARRY.others.CARRY4  |
    | grp_run_hybrid_lif_head_fu_28/grp_run_hybrid_lif_head_Pipeline_VITIS_LOOP_66_5_fu_389/mac_muladd_12s_7ns_18s_19_4_1_U45/hybrid_lif_head_q12_6_mac_muladd_12s_7ns_18s_19_4_1_DSP48_0_U/quotient_fu_1746_p2_carry__1_i_5 | CARRY.others.CARRY4  |
    | grp_run_hybrid_lif_head_fu_28/grp_run_hybrid_lif_head_Pipeline_VITIS_LOOP_66_5_fu_389/mac_muladd_12s_7ns_18s_19_4_1_U45/hybrid_lif_head_q12_6_mac_muladd_12s_7ns_18s_19_4_1_DSP48_0_U/quotient_fu_1746_p2_carry__2_i_3 | LUT.others.LUT3      |
    | grp_run_hybrid_lif_head_fu_28/grp_run_hybrid_lif_head_Pipeline_VITIS_LOOP_66_5_fu_389/quotient_fu_1746_p2_carry__2                                                                                                     | CARRY.others.CARRY4  |
    | grp_run_hybrid_lif_head_fu_28/grp_run_hybrid_lif_head_Pipeline_VITIS_LOOP_66_5_fu_389/mac_muladd_12s_7ns_18s_19_4_1_U45/hybrid_lif_head_q12_6_mac_muladd_12s_7ns_18s_19_4_1_DSP48_0_U/quotient_2_reg_2614[15]_i_1      | LUT.others.LUT6      |
    | grp_run_hybrid_lif_head_fu_28/grp_run_hybrid_lif_head_Pipeline_VITIS_LOOP_66_5_fu_389/quotient_2_reg_2614_reg[15]                                                                                                      | FLOP_LATCH.flop.FDRE |
    | grp_run_hybrid_lif_head_fu_28/grp_run_hybrid_lif_head_Pipeline_VITIS_LOOP_66_5_fu_389/mac_muladd_12s_7ns_18s_19_4_1_U45/hybrid_lif_head_q12_6_mac_muladd_12s_7ns_18s_19_4_1_DSP48_0_U/p_reg_reg                        | MULT.dsp.DSP48E1     |
    | grp_run_hybrid_lif_head_fu_28/grp_run_hybrid_lif_head_Pipeline_VITIS_LOOP_66_5_fu_389/mac_muladd_12s_7ns_18s_19_4_1_U45/hybrid_lif_head_q12_6_mac_muladd_12s_7ns_18s_19_4_1_DSP48_0_U/numerator_fu_1690_p2_carry_i_3   | LUT.others.LUT2      |
    | grp_run_hybrid_lif_head_fu_28/grp_run_hybrid_lif_head_Pipeline_VITIS_LOOP_66_5_fu_389/numerator_fu_1690_p2_carry                                                                                                       | CARRY.others.CARRY4  |
    | grp_run_hybrid_lif_head_fu_28/grp_run_hybrid_lif_head_Pipeline_VITIS_LOOP_66_5_fu_389/numerator_fu_1690_p2__56_carry_i_1                                                                                               | LUT.others.LUT2      |
    | grp_run_hybrid_lif_head_fu_28/grp_run_hybrid_lif_head_Pipeline_VITIS_LOOP_66_5_fu_389/numerator_fu_1690_p2__56_carry                                                                                                   | CARRY.others.CARRY4  |
    | grp_run_hybrid_lif_head_fu_28/grp_run_hybrid_lif_head_Pipeline_VITIS_LOOP_66_5_fu_389/numerator_fu_1690_p2__56_carry__0                                                                                                | CARRY.others.CARRY4  |
    | grp_run_hybrid_lif_head_fu_28/grp_run_hybrid_lif_head_Pipeline_VITIS_LOOP_66_5_fu_389/numerator_fu_1690_p2__116_carry__0_i_1                                                                                           | LUT.others.LUT2      |
    | grp_run_hybrid_lif_head_fu_28/grp_run_hybrid_lif_head_Pipeline_VITIS_LOOP_66_5_fu_389/numerator_fu_1690_p2__116_carry__0                                                                                               | CARRY.others.CARRY4  |
    | grp_run_hybrid_lif_head_fu_28/grp_run_hybrid_lif_head_Pipeline_VITIS_LOOP_66_5_fu_389/numerator_fu_1690_p2__116_carry__1                                                                                               | CARRY.others.CARRY4  |
    | grp_run_hybrid_lif_head_fu_28/grp_run_hybrid_lif_head_Pipeline_VITIS_LOOP_66_5_fu_389/numerator_fu_1690_p2__179_carry__1_i_1                                                                                           | LUT.others.LUT2      |
    | grp_run_hybrid_lif_head_fu_28/grp_run_hybrid_lif_head_Pipeline_VITIS_LOOP_66_5_fu_389/numerator_fu_1690_p2__179_carry__1                                                                                               | CARRY.others.CARRY4  |
    | grp_run_hybrid_lif_head_fu_28/grp_run_hybrid_lif_head_Pipeline_VITIS_LOOP_66_5_fu_389/numerator_fu_1690_p2__179_carry__2                                                                                               | CARRY.others.CARRY4  |
    | grp_run_hybrid_lif_head_fu_28/grp_run_hybrid_lif_head_Pipeline_VITIS_LOOP_66_5_fu_389/quotient_fu_1746_p2_carry__0_i_8                                                                                                 | LUT.others.LUT1      |
    | grp_run_hybrid_lif_head_fu_28/grp_run_hybrid_lif_head_Pipeline_VITIS_LOOP_66_5_fu_389/quotient_fu_1746_p2_carry__0_i_5                                                                                                 | CARRY.others.CARRY4  |
    | grp_run_hybrid_lif_head_fu_28/grp_run_hybrid_lif_head_Pipeline_VITIS_LOOP_66_5_fu_389/mac_muladd_12s_7ns_18s_19_4_1_U45/hybrid_lif_head_q12_6_mac_muladd_12s_7ns_18s_19_4_1_DSP48_0_U/quotient_fu_1746_p2_carry__1_i_3 | LUT.others.LUT3      |
    | grp_run_hybrid_lif_head_fu_28/grp_run_hybrid_lif_head_Pipeline_VITIS_LOOP_66_5_fu_389/quotient_fu_1746_p2_carry__1                                                                                                     | CARRY.others.CARRY4  |
    | grp_run_hybrid_lif_head_fu_28/grp_run_hybrid_lif_head_Pipeline_VITIS_LOOP_66_5_fu_389/mac_muladd_12s_7ns_18s_19_4_1_U45/hybrid_lif_head_q12_6_mac_muladd_12s_7ns_18s_19_4_1_DSP48_0_U/quotient_2_reg_2614[12]_i_1      | LUT.others.LUT6      |
    | grp_run_hybrid_lif_head_fu_28/grp_run_hybrid_lif_head_Pipeline_VITIS_LOOP_66_5_fu_389/quotient_2_reg_2614_reg[12]                                                                                                      | FLOP_LATCH.flop.FDRE |
    | grp_run_hybrid_lif_head_fu_28/grp_run_hybrid_lif_head_Pipeline_VITIS_LOOP_66_5_fu_389/mac_muladd_12s_7ns_18s_19_4_1_U45/hybrid_lif_head_q12_6_mac_muladd_12s_7ns_18s_19_4_1_DSP48_0_U/p_reg_reg                        | MULT.dsp.DSP48E1     |
    | grp_run_hybrid_lif_head_fu_28/grp_run_hybrid_lif_head_Pipeline_VITIS_LOOP_66_5_fu_389/mac_muladd_12s_7ns_18s_19_4_1_U45/hybrid_lif_head_q12_6_mac_muladd_12s_7ns_18s_19_4_1_DSP48_0_U/numerator_fu_1690_p2_carry_i_3   | LUT.others.LUT2      |
    | grp_run_hybrid_lif_head_fu_28/grp_run_hybrid_lif_head_Pipeline_VITIS_LOOP_66_5_fu_389/numerator_fu_1690_p2_carry                                                                                                       | CARRY.others.CARRY4  |
    | grp_run_hybrid_lif_head_fu_28/grp_run_hybrid_lif_head_Pipeline_VITIS_LOOP_66_5_fu_389/numerator_fu_1690_p2__56_carry_i_1                                                                                               | LUT.others.LUT2      |
    | grp_run_hybrid_lif_head_fu_28/grp_run_hybrid_lif_head_Pipeline_VITIS_LOOP_66_5_fu_389/numerator_fu_1690_p2__56_carry                                                                                                   | CARRY.others.CARRY4  |
    | grp_run_hybrid_lif_head_fu_28/grp_run_hybrid_lif_head_Pipeline_VITIS_LOOP_66_5_fu_389/numerator_fu_1690_p2__56_carry__0                                                                                                | CARRY.others.CARRY4  |
    | grp_run_hybrid_lif_head_fu_28/grp_run_hybrid_lif_head_Pipeline_VITIS_LOOP_66_5_fu_389/numerator_fu_1690_p2__116_carry__0_i_1                                                                                           | LUT.others.LUT2      |
    | grp_run_hybrid_lif_head_fu_28/grp_run_hybrid_lif_head_Pipeline_VITIS_LOOP_66_5_fu_389/numerator_fu_1690_p2__116_carry__0                                                                                               | CARRY.others.CARRY4  |
    | grp_run_hybrid_lif_head_fu_28/grp_run_hybrid_lif_head_Pipeline_VITIS_LOOP_66_5_fu_389/numerator_fu_1690_p2__116_carry__1                                                                                               | CARRY.others.CARRY4  |
    | grp_run_hybrid_lif_head_fu_28/grp_run_hybrid_lif_head_Pipeline_VITIS_LOOP_66_5_fu_389/numerator_fu_1690_p2__179_carry__1_i_1                                                                                           | LUT.others.LUT2      |
    | grp_run_hybrid_lif_head_fu_28/grp_run_hybrid_lif_head_Pipeline_VITIS_LOOP_66_5_fu_389/numerator_fu_1690_p2__179_carry__1                                                                                               | CARRY.others.CARRY4  |
    | grp_run_hybrid_lif_head_fu_28/grp_run_hybrid_lif_head_Pipeline_VITIS_LOOP_66_5_fu_389/numerator_fu_1690_p2__179_carry__2                                                                                               | CARRY.others.CARRY4  |
    | grp_run_hybrid_lif_head_fu_28/grp_run_hybrid_lif_head_Pipeline_VITIS_LOOP_66_5_fu_389/quotient_fu_1746_p2_carry__0_i_8                                                                                                 | LUT.others.LUT1      |
    | grp_run_hybrid_lif_head_fu_28/grp_run_hybrid_lif_head_Pipeline_VITIS_LOOP_66_5_fu_389/quotient_fu_1746_p2_carry__0_i_5                                                                                                 | CARRY.others.CARRY4  |
    | grp_run_hybrid_lif_head_fu_28/grp_run_hybrid_lif_head_Pipeline_VITIS_LOOP_66_5_fu_389/mac_muladd_12s_7ns_18s_19_4_1_U45/hybrid_lif_head_q12_6_mac_muladd_12s_7ns_18s_19_4_1_DSP48_0_U/quotient_fu_1746_p2_carry__1_i_3 | LUT.others.LUT3      |
    | grp_run_hybrid_lif_head_fu_28/grp_run_hybrid_lif_head_Pipeline_VITIS_LOOP_66_5_fu_389/quotient_fu_1746_p2_carry__1                                                                                                     | CARRY.others.CARRY4  |
    | grp_run_hybrid_lif_head_fu_28/grp_run_hybrid_lif_head_Pipeline_VITIS_LOOP_66_5_fu_389/quotient_fu_1746_p2_carry__2                                                                                                     | CARRY.others.CARRY4  |
    | grp_run_hybrid_lif_head_fu_28/grp_run_hybrid_lif_head_Pipeline_VITIS_LOOP_66_5_fu_389/mac_muladd_12s_7ns_18s_19_4_1_U45/hybrid_lif_head_q12_6_mac_muladd_12s_7ns_18s_19_4_1_DSP48_0_U/quotient_2_reg_2614[14]_i_1      | LUT.others.LUT6      |
    | grp_run_hybrid_lif_head_fu_28/grp_run_hybrid_lif_head_Pipeline_VITIS_LOOP_66_5_fu_389/quotient_2_reg_2614_reg[14]                                                                                                      | FLOP_LATCH.flop.FDRE |
    | grp_run_hybrid_lif_head_fu_28/grp_run_hybrid_lif_head_Pipeline_VITIS_LOOP_66_5_fu_389/mac_muladd_12s_7ns_18s_19_4_1_U45/hybrid_lif_head_q12_6_mac_muladd_12s_7ns_18s_19_4_1_DSP48_0_U/p_reg_reg                        | MULT.dsp.DSP48E1     |
    | grp_run_hybrid_lif_head_fu_28/grp_run_hybrid_lif_head_Pipeline_VITIS_LOOP_66_5_fu_389/mac_muladd_12s_7ns_18s_19_4_1_U45/hybrid_lif_head_q12_6_mac_muladd_12s_7ns_18s_19_4_1_DSP48_0_U/numerator_fu_1690_p2_carry_i_3   | LUT.others.LUT2      |
    | grp_run_hybrid_lif_head_fu_28/grp_run_hybrid_lif_head_Pipeline_VITIS_LOOP_66_5_fu_389/numerator_fu_1690_p2_carry                                                                                                       | CARRY.others.CARRY4  |
    | grp_run_hybrid_lif_head_fu_28/grp_run_hybrid_lif_head_Pipeline_VITIS_LOOP_66_5_fu_389/numerator_fu_1690_p2__56_carry_i_1                                                                                               | LUT.others.LUT2      |
    | grp_run_hybrid_lif_head_fu_28/grp_run_hybrid_lif_head_Pipeline_VITIS_LOOP_66_5_fu_389/numerator_fu_1690_p2__56_carry                                                                                                   | CARRY.others.CARRY4  |
    | grp_run_hybrid_lif_head_fu_28/grp_run_hybrid_lif_head_Pipeline_VITIS_LOOP_66_5_fu_389/numerator_fu_1690_p2__56_carry__0                                                                                                | CARRY.others.CARRY4  |
    | grp_run_hybrid_lif_head_fu_28/grp_run_hybrid_lif_head_Pipeline_VITIS_LOOP_66_5_fu_389/numerator_fu_1690_p2__116_carry__0_i_1                                                                                           | LUT.others.LUT2      |
    | grp_run_hybrid_lif_head_fu_28/grp_run_hybrid_lif_head_Pipeline_VITIS_LOOP_66_5_fu_389/numerator_fu_1690_p2__116_carry__0                                                                                               | CARRY.others.CARRY4  |
    | grp_run_hybrid_lif_head_fu_28/grp_run_hybrid_lif_head_Pipeline_VITIS_LOOP_66_5_fu_389/numerator_fu_1690_p2__116_carry__1                                                                                               | CARRY.others.CARRY4  |
    | grp_run_hybrid_lif_head_fu_28/grp_run_hybrid_lif_head_Pipeline_VITIS_LOOP_66_5_fu_389/numerator_fu_1690_p2__179_carry__1_i_1                                                                                           | LUT.others.LUT2      |
    | grp_run_hybrid_lif_head_fu_28/grp_run_hybrid_lif_head_Pipeline_VITIS_LOOP_66_5_fu_389/numerator_fu_1690_p2__179_carry__1                                                                                               | CARRY.others.CARRY4  |
    | grp_run_hybrid_lif_head_fu_28/grp_run_hybrid_lif_head_Pipeline_VITIS_LOOP_66_5_fu_389/numerator_fu_1690_p2__179_carry__2                                                                                               | CARRY.others.CARRY4  |
    | grp_run_hybrid_lif_head_fu_28/grp_run_hybrid_lif_head_Pipeline_VITIS_LOOP_66_5_fu_389/quotient_fu_1746_p2_carry__0_i_8                                                                                                 | LUT.others.LUT1      |
    | grp_run_hybrid_lif_head_fu_28/grp_run_hybrid_lif_head_Pipeline_VITIS_LOOP_66_5_fu_389/quotient_fu_1746_p2_carry__0_i_5                                                                                                 | CARRY.others.CARRY4  |
    | grp_run_hybrid_lif_head_fu_28/grp_run_hybrid_lif_head_Pipeline_VITIS_LOOP_66_5_fu_389/mac_muladd_12s_7ns_18s_19_4_1_U45/hybrid_lif_head_q12_6_mac_muladd_12s_7ns_18s_19_4_1_DSP48_0_U/quotient_fu_1746_p2_carry__1_i_3 | LUT.others.LUT3      |
    | grp_run_hybrid_lif_head_fu_28/grp_run_hybrid_lif_head_Pipeline_VITIS_LOOP_66_5_fu_389/quotient_fu_1746_p2_carry__1                                                                                                     | CARRY.others.CARRY4  |
    | grp_run_hybrid_lif_head_fu_28/grp_run_hybrid_lif_head_Pipeline_VITIS_LOOP_66_5_fu_389/quotient_fu_1746_p2_carry__2                                                                                                     | CARRY.others.CARRY4  |
    | grp_run_hybrid_lif_head_fu_28/grp_run_hybrid_lif_head_Pipeline_VITIS_LOOP_66_5_fu_389/mac_muladd_12s_7ns_18s_19_4_1_U45/hybrid_lif_head_q12_6_mac_muladd_12s_7ns_18s_19_4_1_DSP48_0_U/quotient_2_reg_2614[13]_i_1      | LUT.others.LUT6      |
    | grp_run_hybrid_lif_head_fu_28/grp_run_hybrid_lif_head_Pipeline_VITIS_LOOP_66_5_fu_389/quotient_2_reg_2614_reg[13]                                                                                                      | FLOP_LATCH.flop.FDRE |
    +------------------------------------------------------------------------------------------------------------------------------------------------------------------------------------------------------------------------+----------------------+


================================================================
== RTL Synthesis Vivado Reports
================================================================
+--------------------------+------------------------------------------------------------------------------+
| Report Type              | Report Location                                                              |
+--------------------------+------------------------------------------------------------------------------+
| design_analysis          | impl/verilog/report/hybrid_lif_head_q12_6_design_analysis_synth.rpt          |
| failfast                 | impl/verilog/report/hybrid_lif_head_q12_6_failfast_synth.rpt                 |
| power                    | impl/verilog/report/hybrid_lif_head_q12_6_power_synth.rpt                    |
| timing                   | impl/verilog/report/hybrid_lif_head_q12_6_timing_synth.rpt                   |
| timing_paths             | impl/verilog/report/hybrid_lif_head_q12_6_timing_paths_synth.rpt             |
| utilization              | impl/verilog/report/hybrid_lif_head_q12_6_utilization_synth.rpt              |
| utilization_hierarchical | impl/verilog/report/hybrid_lif_head_q12_6_utilization_hierarchical_synth.rpt |
+--------------------------+------------------------------------------------------------------------------+


